"Spend Period (Daily)","DOW","Slicer 1","Slicer 2","Slicer 3","Slicer 4","Slicer 5","Revenue Shared","Revenue Growth%"
"2026-10-06 00:00:00","3.Tuesday","Ameerzada Commander","Overall","Overall","Overall","Overall",40.0921,0.12531994434603355
"2026-10-06 00:00:00","3.Tuesday","Commander Vikram Chauhan । कमांडर विक्रम चौहान","Overall","Overall","Overall","Overall",7.218839999999998,0.06151606499522044
"2026-10-06 00:00:00","3.Tuesday","Detective Vikrant |डिटेक्टिव विक्रांत","Overall","Overall","Overall","Overall",10.24291,-0.4076876949116671
"2026-10-06 00:00:00","3.Tuesday","Dhurandhar Detective | धुरंधर डिटेक्टिव","Overall","Overall","Overall","Overall",5.605040000000001,4.200445351642235
"2026-10-06 00:00:00","3.Tuesday","Earth's Last Stand","Overall","Overall","Overall","Overall",76.4408,0.11412652170541837
"2026-10-06 00:00:00","3.Tuesday","Gangster Billionaire | गैंगस्टर बिलिनेर","Overall","Overall","Overall","Overall",90.54355000000004,3.2041085726278427
"2026-10-06 00:00:00","3.Tuesday","Killer Agent | किलर एजेंट","Overall","Overall","Overall","Overall",5.793469999999999,0.3724991767568244
"2026-10-06 00:00:00","3.Tuesday","Secret Fauji | सीक्रेट फौजी","Overall","Overall","Overall","Overall",56.25196000000002,0.011569979231618843
"2026-10-06 00:00:00","3.Tuesday","Shiva : Ek Pretyodha","Overall","Overall","Overall","Overall",222.85609999999983,-0.2020615572696819
"2026-10-06 00:00:00","3.Tuesday","The End Game | द एंड गेम","Overall","Overall","Overall","Overall",1.4662100000000002,0.8066340549798539
"2026-10-06 00:00:00","3.Tuesday","The Return of Zombie  Father | द रिटर्न ऑफ़ ज़ॉम्बी फ़ादर","Overall","Overall","Overall","Overall",10.005510000000003,-0.5339882471352565
"2026-10-06 00:00:00","3.Tuesday","Yakshini | यक्षिणी","Overall","Overall","Overall","Overall",32.690200000000004,0.060117951588351426
"2026-10-06 00:00:00","3.Tuesday","Zombie Ka Aatank | ज़ॉम्बी का आतंक","Overall","Overall","Overall","Overall",3.71044,0.8367150954137073
"2026-10-06 00:00:00","3.Tuesday","Zombie Pralay","Overall","Overall","Overall","Overall",3.6501,0.26017172390221366
"2026-10-05 00:00:00","2.Monday","Ameerzada Commander","Overall","Overall","Overall","Overall",33.99927999999998,-0.13367985174400332
"2026-10-05 00:00:00","2.Monday","Commander Vikram Chauhan । कमांडर विक्रम चौहान","Overall","Overall","Overall","Overall",8.059349999999998,0.3969832435158973
"2026-10-05 00:00:00","2.Monday","Detective Vikrant |डिटेक्टिव विक्रांत","Overall","Overall","Overall","Overall",17.746389999999998,-0.31940664731726487
"2026-10-05 00:00:00","2.Monday","Dhurandhar Detective | धुरंधर डिटेक्टिव","Overall","Overall","Overall","Overall",6.565119999999998,3.0024630091387374
"2026-10-05 00:00:00","2.Monday","Earth's Last Stand","Overall","Overall","Overall","Overall",85.67686999999998,0.30808295942901465
"2026-10-05 00:00:00","2.Monday","Gangster Billionaire | गैंगस्टर बिलिनेर","Overall","Overall","Overall","Overall",75.48028999999997,1.2478400954405164
"2026-10-05 00:00:00","2.Monday","Killer Agent | किलर एजेंट","Overall","Overall","Overall","Overall",1.49221,-0.5610746862213907
"2026-10-05 00:00:00","2.Monday","Secret Fauji | सीक्रेट फौजी","Overall","Overall","Overall","Overall",38.48298999999998,-0.18448838569007064
"2026-10-05 00:00:00","2.Monday","Shiva : Ek Pretyodha","Overall","Overall","Overall","Overall",234.25332999999986,0.019381639920445615
"2026-10-05 00:00:00","2.Monday","The End Game | द एंड गेम","Overall","Overall","Overall","Overall",3.3853299999999993,5.29325376907776
"2026-10-05 00:00:00","2.Monday","The Return of Zombie  Father | द रिटर्न ऑफ़ ज़ॉम्बी फ़ादर","Overall","Overall","Overall","Overall",12.140059999999997,-0.3353830151235202
"2026-10-05 00:00:00","2.Monday","Yakshini | यक्षिणी","Overall","Overall","Overall","Overall",21.87832,-0.25964898982379114
"2026-10-05 00:00:00","2.Monday","Zombie Ka Aatank | ज़ॉम्बी का आतंक","Overall","Overall","Overall","Overall",1.27774,0.3521916735454105
"2026-10-05 00:00:00","2.Monday","Zombie Pralay","Overall","Overall","Overall","Overall",2.6476100000000002,-0.1352455669907794
"2026-10-04 00:00:00","1.Sunday","Ameerzada Commander","Overall","Overall","Overall","Overall",34.84221000000001,-0.08934586562064795
"2026-10-04 00:00:00","1.Sunday","Commander Vikram Chauhan । कमांडर विक्रम चौहान","Overall","Overall","Overall","Overall",10.031740000000003,1.0043036103174772
"2026-10-04 00:00:00","1.Sunday","Detective Vikrant |डिटेक्टिव विक्रांत","Overall","Overall","Overall","Overall",13.278599999999999,-0.47697975958226435
"2026-10-04 00:00:00","1.Sunday","Dhurandhar Detective | धुरंधर डिटेक्टिव","Overall","Overall","Overall","Overall",1.06774,-0.5024046975486998
"2026-10-04 00:00:00","1.Sunday","Earth's Last Stand","Overall","Overall","Overall","Overall",76.15312000000002,-0.02325769908181008
"2026-10-04 00:00:00","1.Sunday","Gangster Billionaire | गैंगस्टर बिलिनेर","Overall","Overall","Overall","Overall",68.14686999999999,1.3932982464026882
"2026-10-04 00:00:00","1.Sunday","Killer Agent | किलर एजेंट","Overall","Overall","Overall","Overall",2.1121500000000006,-0.7508713575485217
"2026-10-04 00:00:00","1.Sunday","Secret Fauji | सीक्रेट फौजी","Overall","Overall","Overall","Overall",40.84653,-0.05212282190183759
"2026-10-04 00:00:00","1.Sunday","Shiva : Ek Pretyodha","Overall","Overall","Overall","Overall",227.79846999999998,-0.04639862780948034
"2026-10-04 00:00:00","1.Sunday","The End Game | द एंड गेम","Overall","Overall","Overall","Overall",3.8645300000000002,20.26991028675216
"2026-10-04 00:00:00","1.Sunday","The Return of Zombie  Father | द रिटर्न ऑफ़ ज़ॉम्बी फ़ादर","Overall","Overall","Overall","Overall",12.616829999999997,-0.608906100241907
"2026-10-04 00:00:00","1.Sunday","Yakshini | यक्षिणी","Overall","Overall","Overall","Overall",31.256479999999986,0.09180203951748478
"2026-10-04 00:00:00","1.Sunday","Zombie Ka Aatank | ज़ॉम्बी का आतंक","Overall","Overall","Overall","Overall",2.743299999999999,0.09303094656567623
"2026-10-04 00:00:00","1.Sunday","Zombie Pralay","Overall","Overall","Overall","Overall",2.8207099999999987,0.6146391445711399
"2026-10-03 00:00:00","7.Saturday","Ameerzada Commander","Overall","Overall","Overall","Overall",47.63157000000001,0.031256901161084816
"2026-10-03 00:00:00","7.Saturday","Commander Vikram Chauhan । कमांडर विक्रम चौहान","Overall","Overall","Overall","Overall",5.941250000000001,-0.40387978564254556
"2026-10-03 00:00:00","7.Saturday","Detective Vikrant |डिटेक्टिव विक्रांत","Overall","Overall","Overall","Overall",12.308339999999998,-0.403943799477279
"2026-10-03 00:00:00","7.Saturday","Dhurandhar Detective | धुरंधर डिटेक्टिव","Overall","Overall","Overall","Overall",0.6723500000000001,-0.5764190764190763
"2026-10-03 00:00:00","7.Saturday","Earth's Last Stand","Overall","Overall","Overall","Overall",63.70939999999999,-0.2855081726590081
"2026-10-03 00:00:00","7.Saturday","Gangster Billionaire | गैंगस्टर बिलिनेर","Overall","Overall","Overall","Overall",49.269220000000004,1.673699325351
"2026-10-03 00:00:00","7.Saturday","Killer Agent | किलर एजेंट","Overall","Overall","Overall","Overall",5.846780000000001,-0.5105285937569326
"2026-10-03 00:00:00","7.Saturday","Secret Fauji | सीक्रेट फौजी","Overall","Overall","Overall","Overall",39.17818999999999,0.426377256714622
"2026-10-03 00:00:00","7.Saturday","Shiva : Ek Pretyodha","Overall","Overall","Overall","Overall",250.7824099999999,-0.05310651554475465
"2026-10-03 00:00:00","7.Saturday","The Return of Zombie  Father | द रिटर्न ऑफ़ ज़ॉम्बी फ़ादर","Overall","Overall","Overall","Overall",10.590939999999998,-0.2688743459111683
"2026-10-03 00:00:00","7.Saturday","Yakshini | यक्षिणी","Overall","Overall","Overall","Overall",26.445250000000005,-0.16871591162350208
"2026-10-03 00:00:00","7.Saturday","Zombie Ka Aatank | ज़ॉम्बी का आतंक","Overall","Overall","Overall","Overall",1.1416,0.44773885915743006
"2026-10-03 00:00:00","7.Saturday","Zombie Pralay","Overall","Overall","Overall","Overall",1.05791,-0.9004473662418224
"2026-10-02 00:00:00","6.Friday","Ameerzada Commander","Overall","Overall","Overall","Overall",33.82684000000002,-0.10784787424833808
"2026-10-02 00:00:00","6.Friday","Commander Vikram Chauhan । कमांडर विक्रम चौहान","Overall","Overall","Overall","Overall",7.680250000000001,-0.4908900119583921
"2026-10-02 00:00:00","6.Friday","Detective Vikrant |डिटेक्टिव विक्रांत","Overall","Overall","Overall","Overall",7.524260000000001,-0.5416586461731889
"2026-10-02 00:00:00","6.Friday","Dhurandhar Detective | धुरंधर डिटेक्टिव","Overall","Overall","Overall","Overall",3.9317599999999997,6.189175351983909
"2026-10-02 00:00:00","6.Friday","Earth's Last Stand","Overall","Overall","Overall","Overall",58.40653000000002,-0.26160721035798684
"2026-10-02 00:00:00","6.Friday","Gangster Billionaire | गैंगस्टर बिलिनेर","Overall","Overall","Overall","Overall",40.12925,0.5066541066008681
"2026-10-02 00:00:00","6.Friday","Killer Agent | किलर एजेंट","Overall","Overall","Overall","Overall",3.0989499999999994,-0.12397668423076069
"2026-10-02 00:00:00","6.Friday","Secret Fauji | सीक्रेट फौजी","Overall","Overall","Overall","Overall",34.0808,-0.3907839646949005
"2026-10-02 00:00:00","6.Friday","Shiva : Ek Pretyodha","Overall","Overall","Overall","Overall",261.96605000000005,0.04491615714751784
"2026-10-02 00:00:00","6.Friday","The Return of Zombie  Father | द रिटर्न ऑफ़ ज़ॉम्बी फ़ादर","Overall","Overall","Overall","Overall",16.469680000000004,-0.09433804557982173
"2026-10-02 00:00:00","6.Friday","Yakshini | यक्षिणी","Overall","Overall","Overall","Overall",27.491020000000013,-0.08077110712314073
"2026-10-02 00:00:00","6.Friday","Zombie Ka Aatank | ज़ॉम्बी का आतंक","Overall","Overall","Overall","Overall",2.86276,0.1810991785659768
"2026-10-02 00:00:00","6.Friday","Zombie Pralay","Overall","Overall","Overall","Overall",4.401169999999999,1.0494007096491793
"2026-10-01 00:00:00","5.Thursday","Ameerzada Commander","Overall","Overall","Overall","Overall",39.62885,0.15033513953479605
"2026-10-01 00:00:00","5.Thursday","Commander Vikram Chauhan । कमांडर विक्रम चौहान","Overall","Overall","Overall","Overall",6.733110000000001,-0.41667150383320173
"2026-10-01 00:00:00","5.Thursday","Detective Vikrant |डिटेक्टिव विक्रांत","Overall","Overall","Overall","Overall",9.706620000000001,-0.4185020284631845
"2026-10-01 00:00:00","5.Thursday","Dhurandhar Detective | धुरंधर डिटेक्टिव","Overall","Overall","Overall","Overall",5.76951,486.7016060862215
"2026-10-01 00:00:00","5.Thursday","Earth's Last Stand","Overall","Overall","Overall","Overall",71.32287,-0.30499685399976617
"2026-10-01 00:00:00","5.Thursday","Gangster Billionaire | गैंगस्टर बिलिनेर","Overall","Overall","Overall","Overall",18.364779999999996,-0.3069502047285696
"2026-10-01 00:00:00","5.Thursday","Killer Agent | किलर एजेंट","Overall","Overall","Overall","Overall",3.8784599999999987,649.7483221476508
"2026-10-01 00:00:00","5.Thursday","Secret Fauji | सीक्रेट फौजी","Overall","Overall","Overall","Overall",41.776509999999995,-0.31858546227921736
"2026-10-01 00:00:00","5.Thursday","Shiva : Ek Pretyodha","Overall","Overall","Overall","Overall",263.9770999999999,-0.02762287870329727
"2026-10-01 00:00:00","5.Thursday","The End Game | द एंड गेम","Overall","Overall","Overall","Overall",0.35159999999999997,-0.37212043287260255
"2026-10-01 00:00:00","5.Thursday","The Return of Zombie  Father | द रिटर्न ऑफ़ ज़ॉम्बी फ़ादर","Overall","Overall","Overall","Overall",22.394060000000003,0.1367583539636943
"2026-10-01 00:00:00","5.Thursday","Yakshini | यक्षिणी","Overall","Overall","Overall","Overall",23.753139999999995,-0.3671826754057621
"2026-10-01 00:00:00","5.Thursday","Zombie Ka Aatank | ज़ॉम्बी का आतंक","Overall","Overall","Overall","Overall",2.7611100000000004,44.31610044313147
"2026-10-01 00:00:00","5.Thursday","Zombie Pralay","Overall","Overall","Overall","Overall",4.548909999999999,2.484339693457828
"2026-09-30 00:00:00","4.Wednesday","Ameerzada Commander","Overall","Overall","Overall","Overall",34.56807999999999,0.07766845311227111
"2026-09-30 00:00:00","4.Wednesday","Commander Vikram Chauhan । कमांडर विक्रम चौहान","Overall","Overall","Overall","Overall",8.29806,-0.24010022033088096
"2026-09-30 00:00:00","4.Wednesday","Detective Vikrant |डिटेक्टिव विक्रांत","Overall","Overall","Overall","Overall",13.125079999999997,-0.11067354634124882
"2026-09-30 00:00:00","4.Wednesday","Dhurandhar Detective | धुरंधर डिटेक्टिव","Overall","Overall","Overall","Overall",0.38326,6.311331552842426
"2026-09-30 00:00:00","4.Wednesday","Earth's Last Stand","Overall","Overall","Overall","Overall",61.45551000000001,-0.2088199716359388
"2026-09-30 00:00:00","4.Wednesday","Gangster Billionaire | गैंगस्टर बिलिनेर","Overall","Overall","Overall","Overall",24.135670000000005,-0.2253380446194183
"2026-09-30 00:00:00","4.Wednesday","Killer Agent | किलर एजेंट","Overall","Overall","Overall","Overall",0.27449999999999997,-0.37884685010861696
"2026-09-30 00:00:00","4.Wednesday","Secret Fauji | सीक्रेट फौजी","Overall","Overall","Overall","Overall",55.2044,0.06006478169398699
"2026-09-30 00:00:00","4.Wednesday","Shiva : Ek Pretyodha","Overall","Overall","Overall","Overall",270.50685000000016,-0.0871677699621145
"2026-09-30 00:00:00","4.Wednesday","The End Game | द एंड गेम","Overall","Overall","Overall","Overall",4.18577,21.424568734597663
"2026-09-30 00:00:00","4.Wednesday","The Return of Zombie  Father | द रिटर्न ऑफ़ ज़ॉम्बी फ़ादर","Overall","Overall","Overall","Overall",22.25601,0.3279701803523034
"2026-09-30 00:00:00","4.Wednesday","Yakshini | यक्षिणी","Overall","Overall","Overall","Overall",32.91315999999999,-0.0926967585286177
"2026-09-30 00:00:00","4.Wednesday","Zombie Ka Aatank | ज़ॉम्बी का आतंक","Overall","Overall","Overall","Overall",1.9227700000000003,2.938326983736841
"2026-09-30 00:00:00","4.Wednesday","Zombie Pralay","Overall","Overall","Overall","Overall",0.18332,-0.9748959933830155
"2026-09-29 00:00:00","3.Tuesday","Ameerzada Commander","Overall","Overall","Overall","Overall",35.62729,0.18324172448264497
"2026-09-29 00:00:00","3.Tuesday","Commander Vikram Chauhan । कमांडर विक्रम चौहान","Overall","Overall","Overall","Overall",6.800500000000002,-0.2623594518432063
"2026-09-29 00:00:00","3.Tuesday","Detective Vikrant |डिटेक्टिव विक्रांत","Overall","Overall","Overall","Overall",17.293090000000003,-0.003320901565411205
"2026-09-29 00:00:00","3.Tuesday","Dhurandhar Detective | धुरंधर डिटेक्टिव","Overall","Overall","Overall","Overall",1.0778,-0.6367313234129326
"2026-09-29 00:00:00","3.Tuesday","Earth's Last Stand","Overall","Overall","Overall","Overall",68.61051999999997,-0.03702343828729848
"2026-09-29 00:00:00","3.Tuesday","Gangster Billionaire | गैंगस्टर बिलिनेर","Overall","Overall","Overall","Overall",21.536920000000002,0.2770164061374336
"2026-09-29 00:00:00","3.Tuesday","Killer Agent | किलर एजेंट","Overall","Overall","Overall","Overall",4.22111,50.68495163462716
"2026-09-29 00:00:00","3.Tuesday","Secret Fauji | सीक्रेट फौजी","Overall","Overall","Overall","Overall",55.60856999999999,0.13414269272916512
"2026-09-29 00:00:00","3.Tuesday","Shiva : Ek Pretyodha","Overall","Overall","Overall","Overall",279.28984000000014,0.032427765502543116
"2026-09-29 00:00:00","3.Tuesday","The End Game | द एंड गेम","Overall","Overall","Overall","Overall",0.7461800000000001,0.6378682119496029
"2026-09-29 00:00:00","3.Tuesday","The Return of Zombie  Father | द रिटर्न ऑफ़ ज़ॉम्बी फ़ादर","Overall","Overall","Overall","Overall",21.470509999999997,0.5329694848502371
"2026-09-29 00:00:00","3.Tuesday","Yakshini | यक्षिणी","Overall","Overall","Overall","Overall",30.83638,0.09170669294056588
"2026-09-29 00:00:00","3.Tuesday","Zombie Ka Aatank | ज़ॉम्बी का आतंक","Overall","Overall","Overall","Overall",2.0201499999999997,0.7531915262915809
"2026-09-29 00:00:00","3.Tuesday","Zombie Pralay","Overall","Overall","Overall","Overall",2.8965099999999993,-0.46499136489993464
"2026-09-28 00:00:00","2.Monday","Ameerzada Commander","Overall","Overall","Overall","Overall",39.245629999999984,0.46689823190113167
"2026-09-28 00:00:00","2.Monday","Commander Vikram Chauhan । कमांडर विक्रम चौहान","Overall","Overall","Overall","Overall",5.76911,-0.5939899840104494
"2026-09-28 00:00:00","2.Monday","Detective Vikrant |डिटेक्टिव विक्रांत","Overall","Overall","Overall","Overall",26.07488,0.11378182675583237
"2026-09-28 00:00:00","2.Monday","Dhurandhar Detective | धुरंधर डिटेक्टिव","Overall","Overall","Overall","Overall",1.6402700000000001,4.355983673469388
"2026-09-28 00:00:00","2.Monday","Earth's Last Stand","Overall","Overall","Overall","Overall",65.49804,0.05142150823303737
"2026-09-28 00:00:00","2.Monday","Gangster Billionaire | गैंगस्टर बिलिनेर","Overall","Overall","Overall","Overall",33.57903,0.36206171315644387
"2026-09-28 00:00:00","2.Monday","Killer Agent | किलर एजेंट","Overall","Overall","Overall","Overall",3.3996899999999997,3.6246735226901725
"2026-09-28 00:00:00","2.Monday","Secret Fauji | सीक्रेट फौजी","Overall","Overall","Overall","Overall",47.18877000000002,-0.20139271669450887
"2026-09-28 00:00:00","2.Monday","Shiva : Ek Pretyodha","Overall","Overall","Overall","Overall",229.79943999999983,-0.17531976533663274
"2026-09-28 00:00:00","2.Monday","The End Game | द एंड गेम","Overall","Overall","Overall","Overall",5.818409999999999,1.4646029507071785
"2026-09-28 00:00:00","2.Monday","The Return of Zombie  Father | द रिटर्न ऑफ़ ज़ॉम्बी फ़ादर","Overall","Overall","Overall","Overall",18.266249999999996,1.1900376591160593
"2026-09-28 00:00:00","2.Monday","Yakshini | यक्षिणी","Overall","Overall","Overall","Overall",29.551280000000002,-0.012090749992896055
"2026-09-28 00:00:00","2.Monday","Zombie Ka Aatank | ज़ॉम्बी का आतंक","Overall","Overall","Overall","Overall",0.94494,-0.13395655760241953
"2026-09-28 00:00:00","2.Monday","Zombie Pralay","Overall","Overall","Overall","Overall",3.0616899999999996,1.4257542625340678
"2026-09-27 00:00:00","1.Sunday","Ameerzada Commander","Overall","Overall","Overall","Overall",38.260639999999995,0.09667677526241225
"2026-09-27 00:00:00","1.Sunday","Commander Vikram Chauhan । कमांडर विक्रम चौहान","Overall","Overall","Overall","Overall",5.005099999999999,-0.5780349890948886
"2026-09-27 00:00:00","1.Sunday","Detective Vikrant |डिटेक्टिव विक्रांत","Overall","Overall","Overall","Overall",25.388309999999993,0.4993232222181536
"2026-09-27 00:00:00","1.Sunday","Dhurandhar Detective | धुरंधर डिटेक्टिव","Overall","Overall","Overall","Overall",2.1458,31.981862895788495
"2026-09-27 00:00:00","1.Sunday","Earth's Last Stand","Overall","Overall","Overall","Overall",77.96644000000002,0.1511062389499751
"2026-09-27 00:00:00","1.Sunday","Gangster Billionaire | गैंगस्टर बिलिनेर","Overall","Overall","Overall","Overall",28.47404,0.31683492044846506
"2026-09-27 00:00:00","1.Sunday","Killer Agent | किलर एजेंट","Overall","Overall","Overall","Overall",8.478150000000003,4.3251700594815645
"2026-09-27 00:00:00","1.Sunday","Secret Fauji | सीक्रेट फौजी","Overall","Overall","Overall","Overall",43.09264,-0.31832161416108384
"2026-09-27 00:00:00","1.Sunday","Shiva : Ek Pretyodha","Overall","Overall","Overall","Overall",238.88228000000007,-0.08913107487684502
"2026-09-27 00:00:00","1.Sunday","The End Game | द एंड गेम","Overall","Overall","Overall","Overall",0.8115700000000001,7.101926724568235
"2026-09-27 00:00:00","1.Sunday","The Return of Zombie  Father | द रिटर्न ऑफ़ ज़ॉम्बी फ़ादर","Overall","Overall","Overall","Overall",32.260360000000006,1.7383310287810145
"2026-09-27 00:00:00","1.Sunday","Yakshini | यक्षिणी","Overall","Overall","Overall","Overall",28.628339999999998,0.052078130977541104
"2026-09-27 00:00:00","1.Sunday","Zombie Ka Aatank | ज़ॉम्बी का आतंक","Overall","Overall","Overall","Overall",2.5098099999999994,1.167646931813275
"2026-09-27 00:00:00","1.Sunday","Zombie Pralay","Overall","Overall","Overall","Overall",1.74696,-0.5799294496156278
"2026-09-26 00:00:00","7.Saturday","Ameerzada Commander","Overall","Overall","Overall","Overall",46.187879999999964,0.4091156485829479
"2026-09-26 00:00:00","7.Saturday","Commander Vikram Chauhan । कमांडर विक्रम चौहान","Overall","Overall","Overall","Overall",9.96653,-0.0041456751685149396
"2026-09-26 00:00:00","7.Saturday","Detective Vikrant |डिटेक्टिव विक्रांत","Overall","Overall","Overall","Overall",20.649630000000002,0.8773141834764304
"2026-09-26 00:00:00","7.Saturday","Dhurandhar Detective | धुरंधर डिटेक्टिव","Overall","Overall","Overall","Overall",1.5873,4.2622331255801615
"2026-09-26 00:00:00","7.Saturday","Earth's Last Stand","Overall","Overall","Overall","Overall",89.16743000000001,0.7536832934086988
"2026-09-26 00:00:00","7.Saturday","Gangster Billionaire | गैंगस्टर बिलिनेर","Overall","Overall","Overall","Overall",18.42736,0.05239183597011543
"2026-09-26 00:00:00","7.Saturday","Killer Agent | किलर एजेंट","Overall","Overall","Overall","Overall",11.945089999999999,6.068602504319832
"2026-09-26 00:00:00","7.Saturday","Secret Fauji | सीक्रेट फौजी","Overall","Overall","Overall","Overall",27.466920000000002,-0.49398610488834405
"2026-09-26 00:00:00","7.Saturday","Shiva : Ek Pretyodha","Overall","Overall","Overall","Overall",264.8475399999999,-0.09857676252598646
"2026-09-26 00:00:00","7.Saturday","The End Game | द एंड गेम","Overall","Overall","Overall","Overall",0.53793,4.455679513184584
"2026-09-26 00:00:00","7.Saturday","The Return of Zombie  Father | द रिटर्न ऑफ़ ज़ॉम्बी फ़ादर","Overall","Overall","Overall","Overall",14.485800000000001,0.5096231205005606
"2026-09-26 00:00:00","7.Saturday","Yakshini | यक्षिणी","Overall","Overall","Overall","Overall",31.812530000000017,0.1137776396023773
"2026-09-26 00:00:00","7.Saturday","Zombie Ka Aatank | ज़ॉम्बी का आतंक","Overall","Overall","Overall","Overall",0.78854,14.243379083703848
"2026-09-26 00:00:00","7.Saturday","Zombie Pralay","Overall","Overall","Overall","Overall",10.626639999999998,17.03693393984656
"2026-09-25 00:00:00","6.Friday","Ameerzada Commander","Overall","Overall","Overall","Overall",37.916000000000004,-0.07499322395210362
"2026-09-25 00:00:00","6.Friday","Commander Vikram Chauhan । कमांडर विक्रम चौहान","Overall","Overall","Overall","Overall",15.08564,0.21334307076582548
"2026-09-25 00:00:00","6.Friday","Detective Vikrant |डिटेक्टिव विक्रांत","Overall","Overall","Overall","Overall",16.416279999999997,0.3726686729005404
"2026-09-25 00:00:00","6.Friday","Dhurandhar Detective | धुरंधर डिटेक्टिव","Overall","Overall","Overall","Overall",0.5468999999999999,0.2833208184719356
"2026-09-25 00:00:00","6.Friday","Earth's Last Stand","Overall","Overall","Overall","Overall",79.09954000000002,-0.0050468693573659795
"2026-09-25 00:00:00","6.Friday","Gangster Billionaire | गैंगस्टर बिलिनेर","Overall","Overall","Overall","Overall",26.634679999999992,0.09828885900704565
"2026-09-25 00:00:00","6.Friday","Killer Agent | किलर एजेंट","Overall","Overall","Overall","Overall",3.5375199999999998,113.15037108744755
"2026-09-25 00:00:00","6.Friday","Secret Fauji | सीक्रेट फौजी","Overall","Overall","Overall","Overall",55.94206000000001,0.283837122548229
"2026-09-25 00:00:00","6.Friday","Shiva : Ek Pretyodha","Overall","Overall","Overall","Overall",250.70532999999975,-0.04886437883514505
"2026-09-25 00:00:00","6.Friday","The Return of Zombie  Father | द रिटर्न ऑफ़ ज़ॉम्बी फ़ादर","Overall","Overall","Overall","Overall",18.18524,1.5608253113505657
"2026-09-25 00:00:00","6.Friday","Yakshini | यक्षिणी","Overall","Overall","Overall","Overall",29.906610000000004,0.15936235983150726
"2026-09-25 00:00:00","6.Friday","Zombie Ka Aatank | ज़ॉम्बी का आतंक","Overall","Overall","Overall","Overall",2.42381,-0.18892989917715464
"2026-09-25 00:00:00","6.Friday","Zombie Pralay","Overall","Overall","Overall","Overall",2.1475400000000002,7.3115566220295705
"2026-09-24 00:00:00","5.Thursday","Ameerzada Commander","Overall","Overall","Overall","Overall",34.44983,0.015343702170665052
"2026-09-24 00:00:00","5.Thursday","Commander Vikram Chauhan । कमांडर विक्रम चौहान","Overall","Overall","Overall","Overall",11.54257,0.4112688076333375
"2026-09-24 00:00:00","5.Thursday","Detective Vikrant |डिटेक्टिव विक्रांत","Overall","Overall","Overall","Overall",16.69244,0.15490642404953836
"2026-09-24 00:00:00","5.Thursday","Earth's Last Stand","Overall","Overall","Overall","Overall",102.62236999999996,0.49542777179267383
"2026-09-24 00:00:00","5.Thursday","Gangster Billionaire | गैंगस्टर बिलिनेर","Overall","Overall","Overall","Overall",26.498499999999996,1.1824697401972735
"2026-09-24 00:00:00","5.Thursday","Killer Agent | किलर एजेंट","Overall","Overall","Overall","Overall",0.00596,-0.9968212316127449
"2026-09-24 00:00:00","5.Thursday","Secret Fauji | सीक्रेट फौजी","Overall","Overall","Overall","Overall",61.30851000000002,-0.016334127858171343
"2026-09-24 00:00:00","5.Thursday","Shiva : Ek Pretyodha","Overall","Overall","Overall","Overall",271.47605000000016,0.14544275669063045
"2026-09-24 00:00:00","5.Thursday","The Return of Zombie  Father | द रिटर्न ऑफ़ ज़ॉम्बी फ़ादर","Overall","Overall","Overall","Overall",19.699930000000002,0.7307862278126915
"2026-09-24 00:00:00","5.Thursday","Yakshini | यक्षिणी","Overall","Overall","Overall","Overall",37.53553999999999,0.16884899535238573
"2026-09-24 00:00:00","5.Thursday","Zombie Ka Aatank | ज़ॉम्बी का आतंक","Overall","Overall","Overall","Overall",0.06093,-0.6160680529300567
"2026-09-24 00:00:00","5.Thursday","Zombie Pralay","Overall","Overall","Overall","Overall",1.3055300000000003,0.2865279817101414
"2026-09-23 00:00:00","4.Wednesday","Ameerzada Commander","Overall","Overall","Overall","Overall",32.076730000000005,-0.2369714096772736
"2026-09-23 00:00:00","4.Wednesday","Commander Vikram Chauhan । कमांडर विक्रम चौहान","Overall","Overall","Overall","Overall",10.91994,0.39324222771980377
"2026-09-23 00:00:00","4.Wednesday","Detective Vikrant |डिटेक्टिव विक्रांत","Overall","Overall","Overall","Overall",14.75845,0.26876590959695257
"2026-09-23 00:00:00","4.Wednesday","Earth's Last Stand","Overall","Overall","Overall","Overall",77.67576,0.2543985881754849
"2026-09-23 00:00:00","4.Wednesday","Gangster Billionaire | गैंगस्टर बिलिनेर","Overall","Overall","Overall","Overall",31.156390000000002,1.0216430413290927
"2026-09-23 00:00:00","4.Wednesday","Killer Agent | किलर एजेंट","Overall","Overall","Overall","Overall",0.44192,1.5182061655934809
"2026-09-23 00:00:00","4.Wednesday","Secret Fauji | सीक्रेट फौजी","Overall","Overall","Overall","Overall",52.07643999999999,0.04948896389333757
"2026-09-23 00:00:00","4.Wednesday","Shiva : Ek Pretyodha","Overall","Overall","Overall","Overall",296.33797000000015,0.020337791485517398
"2026-09-23 00:00:00","4.Wednesday","The End Game | द एंड गेम","Overall","Overall","Overall","Overall",0.18169000000000002,-0.8982174468371166
"2026-09-23 00:00:00","4.Wednesday","The Return of Zombie  Father | द रिटर्न ऑफ़ ज़ॉम्बी फ़ादर","Overall","Overall","Overall","Overall",16.75942,0.6418441800683405
"2026-09-23 00:00:00","4.Wednesday","Yakshini | यक्षिणी","Overall","Overall","Overall","Overall",36.27581000000001,0.257391145806976
"2026-09-23 00:00:00","4.Wednesday","Zombie Ka Aatank | ज़ॉम्बी का आतंक","Overall","Overall","Overall","Overall",0.48822,-0.8084953655580355
"2026-09-23 00:00:00","4.Wednesday","Zombie Pralay","Overall","Overall","Overall","Overall",7.302419999999996,0.4613315723119402
"2026-09-22 00:00:00","3.Tuesday","Ameerzada Commander","Overall","Overall","Overall","Overall",30.109900000000007,0.378223628168586
"2026-09-22 00:00:00","3.Tuesday","Commander Vikram Chauhan । कमांडर विक्रम चौहान","Overall","Overall","Overall","Overall",9.21926,-0.14898719501388313
"2026-09-22 00:00:00","3.Tuesday","Detective Vikrant |डिटेक्टिव विक्रांत","Overall","Overall","Overall","Overall",17.35071,0.04854916346121896
"2026-09-22 00:00:00","3.Tuesday","Dhurandhar Detective | धुरंधर डिटेक्टिव","Overall","Overall","Overall","Overall",0.01183,-0.9379067814402687
"2026-09-22 00:00:00","3.Tuesday","Earth's Last Stand","Overall","Overall","Overall","Overall",71.24837999999995,0.08508013632266787
"2026-09-22 00:00:00","3.Tuesday","Gangster Billionaire | गैंगस्टर बिलिनेर","Overall","Overall","Overall","Overall",16.86503,-0.05213074895869496
"2026-09-22 00:00:00","3.Tuesday","Killer Agent | किलर एजेंट","Overall","Overall","Overall","Overall",0.08167,-0.9004970881356759
"2026-09-22 00:00:00","3.Tuesday","Secret Fauji | सीक्रेट फौजी","Overall","Overall","Overall","Overall",49.03136999999999,-0.3268164635525168
"2026-09-22 00:00:00","3.Tuesday","Shiva : Ek Pretyodha","Overall","Overall","Overall","Overall",270.51756,-0.1962801088317614
"2026-09-22 00:00:00","3.Tuesday","The End Game | द एंड गेम","Overall","Overall","Overall","Overall",0.5599799999999999,3.7359607577807843
"2026-09-22 00:00:00","3.Tuesday","The Return of Zombie  Father | द रिटर्न ऑफ़ ज़ॉम्बी फ़ादर","Overall","Overall","Overall","Overall",14.005830000000001,0.2220724352396708
"2026-09-22 00:00:00","3.Tuesday","Yakshini | यक्षिणी","Overall","Overall","Overall","Overall",28.246029999999987,-0.36085671267184083
"2026-09-22 00:00:00","3.Tuesday","Zombie Ka Aatank | ज़ॉम्बी का आतंक","Overall","Overall","Overall","Overall",1.15227,-0.5875558387263043
"2026-09-22 00:00:00","3.Tuesday","Zombie Pralay","Overall","Overall","Overall","Overall",5.413950000000001,1.00351932855208
"2026-09-21 00:00:00","2.Monday","Ameerzada Commander","Overall","Overall","Overall","Overall",26.754160000000002,-0.34433776034627317
"2026-09-21 00:00:00","2.Monday","Commander Vikram Chauhan । कमांडर विक्रम चौहान","Overall","Overall","Overall","Overall",14.20928,0.9542616340160528
"2026-09-21 00:00:00","2.Monday","Detective Vikrant |डिटेक्टिव विक्रांत","Overall","Overall","Overall","Overall",23.411119999999997,0.6345397116198273
"2026-09-21 00:00:00","2.Monday","Dhurandhar Detective | धुरंधर डिटेक्टिव","Overall","Overall","Overall","Overall",0.05242,-0.9582307428744452
"2026-09-21 00:00:00","2.Monday","Earth's Last Stand","Overall","Overall","Overall","Overall",62.29474999999999,-0.027303077463336045
"2026-09-21 00:00:00","2.Monday","Gangster Billionaire | गैंगस्टर बिलिनेर","Overall","Overall","Overall","Overall",24.653090000000006,0.2981869786839666
"2026-09-21 00:00:00","2.Monday","Secret Fauji | सीक्रेट फौजी","Overall","Overall","Overall","Overall",59.088830000000016,0.0029479683918314237
"2026-09-21 00:00:00","2.Monday","Shiva : Ek Pretyodha","Overall","Overall","Overall","Overall",278.65278000000023,-0.1544894025641973
"2026-09-21 00:00:00","2.Monday","The End Game | द एंड गेम","Overall","Overall","Overall","Overall",0.18666,-0.8291988836528343
"2026-09-21 00:00:00","2.Monday","The Return of Zombie  Father | द रिटर्न ऑफ़ ज़ॉम्बी फ़ादर","Overall","Overall","Overall","Overall",8.34061,0.5779097441097567
"2026-09-21 00:00:00","2.Monday","Yakshini | यक्षिणी","Overall","Overall","Overall","Overall",29.912950000000002,-0.26583664402381
"2026-09-21 00:00:00","2.Monday","Zombie Pralay","Overall","Overall","Overall","Overall",1.2621600000000002,-0.30373189904840714
"2026-09-20 00:00:00","1.Sunday","Ameerzada Commander","Overall","Overall","Overall","Overall",34.887800000000006,-0.15807575479322578
"2026-09-20 00:00:00","1.Sunday","Commander Vikram Chauhan । कमांडर विक्रम चौहान","Overall","Overall","Overall","Overall",11.861410000000003,3.332666099274201
"2026-09-20 00:00:00","1.Sunday","Detective Vikrant |डिटेक्टिव विक्रांत","Overall","Overall","Overall","Overall",16.93318,-0.20924759071280918
"2026-09-20 00:00:00","1.Sunday","Earth's Last Stand","Overall","Overall","Overall","Overall",67.73175000000003,0.07417959730010892
"2026-09-20 00:00:00","1.Sunday","Gangster Billionaire | गैंगस्टर बिलिनेर","Overall","Overall","Overall","Overall",21.623089999999998,-0.17975887143059288
"2026-09-20 00:00:00","1.Sunday","Killer Agent | किलर एजेंट","Overall","Overall","Overall","Overall",0.73512,1.0926895923479845
"2026-09-20 00:00:00","1.Sunday","Secret Fauji | सीक्रेट फौजी","Overall","Overall","Overall","Overall",63.2155,0.11846367848231965
"2026-09-20 00:00:00","1.Sunday","Shiva : Ek Pretyodha","Overall","Overall","Overall","Overall",262.25758000000025,-0.26563664998078784
"2026-09-20 00:00:00","1.Sunday","The End Game | द एंड गेम","Overall","Overall","Overall","Overall",0.45558,0.9931749573434836
"2026-09-20 00:00:00","1.Sunday","The Return of Zombie  Father | द रिटर्न ऑफ़ ज़ॉम्बी फ़ादर","Overall","Overall","Overall","Overall",11.781030000000003,-0.19337681962182407
"2026-09-20 00:00:00","1.Sunday","Yakshini | यक्षिणी","Overall","Overall","Overall","Overall",27.211230000000004,-0.12907230709551498
"2026-09-20 00:00:00","1.Sunday","Zombie Ka Aatank | ज़ॉम्बी का आतंक","Overall","Overall","Overall","Overall",1.0911,-0.4870312125357895
"2026-09-20 00:00:00","1.Sunday","Zombie Pralay","Overall","Overall","Overall","Overall",4.158729999999999,6.214881768185838
"2026-09-19 00:00:00","7.Saturday","Ameerzada Commander","Overall","Overall","Overall","Overall",32.77791999999999,-0.3968936395472995
"2026-09-19 00:00:00","7.Saturday","Commander Vikram Chauhan । कमांडर विक्रम चौहान","Overall","Overall","Overall","Overall",10.008020000000002,-0.16291086959067336
"2026-09-19 00:00:00","7.Saturday","Detective Vikrant |डिटेक्टिव विक्रांत","Overall","Overall","Overall","Overall",10.999559999999999,-0.49830374271257005
"2026-09-19 00:00:00","7.Saturday","Dhurandhar Detective | धुरंधर डिटेक्टिव","Overall","Overall","Overall","Overall",2.9669500000000006,3.711912589133992
"2026-09-19 00:00:00","7.Saturday","Earth's Last Stand","Overall","Overall","Overall","Overall",50.8458,-0.4355863088680214
"2026-09-19 00:00:00","7.Saturday","Gangster Billionaire | गैंगस्टर बिलिनेर","Overall","Overall","Overall","Overall",17.50998,-0.3975100033754617
"2026-09-19 00:00:00","7.Saturday","Killer Agent | किलर एजेंट","Overall","Overall","Overall","Overall",1.5920899999999998,-0.2562759844910545
"2026-09-19 00:00:00","7.Saturday","Secret Fauji | सीक्रेट फौजी","Overall","Overall","Overall","Overall",54.280960000000015,-0.026538550310549414
"2026-09-19 00:00:00","7.Saturday","Shiva : Ek Pretyodha","Overall","Overall","Overall","Overall",293.8104200000003,-0.13581983288442323
"2026-09-19 00:00:00","7.Saturday","The End Game | द एंड गेम","Overall","Overall","Overall","Overall",2.3607899999999997,0.7321559592639333
"2026-09-19 00:00:00","7.Saturday","The Return of Zombie  Father | द रिटर्न ऑफ़ ज़ॉम्बी फ़ादर","Overall","Overall","Overall","Overall",9.595640000000001,-0.43579220192764523
"2026-09-19 00:00:00","7.Saturday","Yakshini | यक्षिणी","Overall","Overall","Overall","Overall",28.562730000000006,-0.1546029040876784
"2026-09-19 00:00:00","7.Saturday","Zombie Ka Aatank | ज़ॉम्बी का आतंक","Overall","Overall","Overall","Overall",1.1578499999999996,3.0610641506786838
"2026-09-19 00:00:00","7.Saturday","Zombie Pralay","Overall","Overall","Overall","Overall",0.58916,-0.9285068543185786
"2026-09-18 00:00:00","6.Friday","Ameerzada Commander","Overall","Overall","Overall","Overall",40.989970000000014,0.01694344634174283
"2026-09-18 00:00:00","6.Friday","Commander Vikram Chauhan । कमांडर विक्रम चौहान","Overall","Overall","Overall","Overall",12.43312,1.3668293017226123
"2026-09-18 00:00:00","6.Friday","Detective Vikrant |डिटेक्टिव विक्रांत","Overall","Overall","Overall","Overall",11.959390000000003,-0.6152867000144756
"2026-09-18 00:00:00","6.Friday","Dhurandhar Detective | धुरंधर डिटेक्टिव","Overall","Overall","Overall","Overall",0.30625,2.3713121972699254
"2026-09-18 00:00:00","6.Friday","Earth's Last Stand","Overall","Overall","Overall","Overall",79.50077000000002,0.03753775230520362
"2026-09-18 00:00:00","6.Friday","Gangster Billionaire | गैंगस्टर बिलिनेर","Overall","Overall","Overall","Overall",24.25107,-0.20856791052545176
"2026-09-18 00:00:00","6.Friday","Killer Agent | किलर एजेंट","Overall","Overall","Overall","Overall",1.68988,-0.356395559194866
"2026-09-18 00:00:00","6.Friday","Secret Fauji | सीक्रेट फौजी","Overall","Overall","Overall","Overall",43.57411,-0.06779748403938313
"2026-09-18 00:00:00","6.Friday","Shiva : Ek Pretyodha","Overall","Overall","Overall","Overall",263.58525999999995,-0.25787939792634296
"2026-09-18 00:00:00","6.Friday","The Return of Zombie  Father | द रिटर्न ऑफ़ ज़ॉम्बी फ़ादर","Overall","Overall","Overall","Overall",7.10132,-0.53006962279546
"2026-09-18 00:00:00","6.Friday","Yakshini | यक्षिणी","Overall","Overall","Overall","Overall",25.79574,-0.38869133933541666
"2026-09-18 00:00:00","6.Friday","Zombie Ka Aatank | ज़ॉम्बी का आतंक","Overall","Overall","Overall","Overall",0.05173,-0.9206887035447074
"2026-09-18 00:00:00","6.Friday","Zombie Pralay","Overall","Overall","Overall","Overall",0.25838,-0.6975252276931001
"2026-09-17 00:00:00","5.Thursday","Ameerzada Commander","Overall","Overall","Overall","Overall",33.929230000000004,-0.18055373412000042
"2026-09-17 00:00:00","5.Thursday","Commander Vikram Chauhan । कमांडर विक्रम चौहान","Overall","Overall","Overall","Overall",8.17886,1.1931177986394341
"2026-09-17 00:00:00","5.Thursday","Detective Vikrant |डिटेक्टिव विक्रांत","Overall","Overall","Overall","Overall",14.453499999999998,-0.34313857374244927
"2026-09-17 00:00:00","5.Thursday","Earth's Last Stand","Overall","Overall","Overall","Overall",68.62409000000004,-0.23634383845105666
"2026-09-17 00:00:00","5.Thursday","Gangster Billionaire | गैंगस्टर बिलिनेर","Overall","Overall","Overall","Overall",12.141519999999998,-0.7080337888141404
"2026-09-17 00:00:00","5.Thursday","Killer Agent | किलर एजेंट","Overall","Overall","Overall","Overall",0.03099,-0.9845079434907368
"2026-09-17 00:00:00","5.Thursday","Secret Fauji | सीक्रेट फौजी","Overall","Overall","Overall","Overall",62.32656000000001,0.20169476656470398
"2026-09-17 00:00:00","5.Thursday","Shiva : Ek Pretyodha","Overall","Overall","Overall","Overall",237.00534,-0.3514043162167134
"2026-09-17 00:00:00","5.Thursday","The End Game | द एंड गेम","Overall","Overall","Overall","Overall",0.10017,0.527680341619643
"2026-09-17 00:00:00","5.Thursday","The Return of Zombie  Father | द रिटर्न ऑफ़ ज़ॉम्बी फ़ादर","Overall","Overall","Overall","Overall",11.38207,-0.39014442589968146
"2026-09-17 00:00:00","5.Thursday","Yakshini | यक्षिणी","Overall","Overall","Overall","Overall",32.113249999999994,-0.05477038042598403
"2026-09-17 00:00:00","5.Thursday","Zombie Ka Aatank | ज़ॉम्बी का आतंक","Overall","Overall","Overall","Overall",2.988410000000001,-0.327286192800158
"2026-09-17 00:00:00","5.Thursday","Zombie Pralay","Overall","Overall","Overall","Overall",1.0147700000000002,-0.7287023149744813
"2026-09-16 00:00:00","4.Wednesday","Ameerzada Commander","Overall","Overall","Overall","Overall",42.038700000000006,0.37562991662194567
"2026-09-16 00:00:00","4.Wednesday","Commander Vikram Chauhan । कमांडर विक्रम चौहान","Overall","Overall","Overall","Overall",7.83779,-0.18389678381327623
"2026-09-16 00:00:00","4.Wednesday","Detective Vikrant |डिटेक्टिव विक्रांत","Overall","Overall","Overall","Overall",11.63213,-0.5885915359454932
"2026-09-16 00:00:00","4.Wednesday","Earth's Last Stand","Overall","Overall","Overall","Overall",61.922710000000016,-0.32607154234163094
"2026-09-16 00:00:00","4.Wednesday","Gangster Billionaire | गैंगस्टर बिलिनेर","Overall","Overall","Overall","Overall",15.41142,-0.5555506208884652
"2026-09-16 00:00:00","4.Wednesday","Killer Agent | किलर एजेंट","Overall","Overall","Overall","Overall",1.8749399999999996,-0.7256240241048838
"2026-09-16 00:00:00","4.Wednesday","Secret Fauji | सीक्रेट फौजी","Overall","Overall","Overall","Overall",49.62076000000002,0.033256954283349405
"2026-09-16 00:00:00","4.Wednesday","Shiva : Ek Pretyodha","Overall","Overall","Overall","Overall",290.4312399999999,-0.17047039152042354
"2026-09-16 00:00:00","4.Wednesday","The Return of Zombie  Father | द रिटर्न ऑफ़ ज़ॉम्बी फ़ादर","Overall","Overall","Overall","Overall",10.20768,-0.3620479104039198
"2026-09-16 00:00:00","4.Wednesday","Yakshini | यक्षिणी","Overall","Overall","Overall","Overall",28.85006,-0.23333836467825786
"2026-09-16 00:00:00","4.Wednesday","Zombie Ka Aatank | ज़ॉम्बी का आतंक","Overall","Overall","Overall","Overall",0.1587,-0.9406675739131736
"2026-09-16 00:00:00","4.Wednesday","Zombie Pralay","Overall","Overall","Overall","Overall",4.9971,7.667695830153331
"2026-09-15 00:00:00","3.Tuesday","Ameerzada Commander","Overall","Overall","Overall","Overall",21.846890000000005,-0.2010937614276308
"2026-09-15 00:00:00","3.Tuesday","Commander Vikram Chauhan । कमांडर विक्रम चौहान","Overall","Overall","Overall","Overall",10.83328,0.44291746027517687
"2026-09-15 00:00:00","3.Tuesday","Detective Vikrant |डिटेक्टिव विक्रांत","Overall","Overall","Overall","Overall",16.547349999999998,-0.19009050413805229
"2026-09-15 00:00:00","3.Tuesday","Earth's Last Stand","Overall","Overall","Overall","Overall",65.66186000000002,-0.34413269599673546
"2026-09-15 00:00:00","3.Tuesday","Gangster Billionaire | गैंगस्टर बिलिनेर","Overall","Overall","Overall","Overall",17.79257000000001,-0.5145531177885807
"2026-09-15 00:00:00","3.Tuesday","Killer Agent | किलर एजेंट","Overall","Overall","Overall","Overall",0.17549,-0.9868277846749243
"2026-09-15 00:00:00","3.Tuesday","Secret Fauji | सीक्रेट फौजी","Overall","Overall","Overall","Overall",72.83507,0.1995259213292253
"2026-09-15 00:00:00","3.Tuesday","Shiva : Ek Pretyodha","Overall","Overall","Overall","Overall",336.58188999999993,-0.151835744431689
"2026-09-15 00:00:00","3.Tuesday","The End Game | द एंड गेम","Overall","Overall","Overall","Overall",0.09860000000000001,-0.9519193258952953
"2026-09-15 00:00:00","3.Tuesday","The Return of Zombie  Father | द रिटर्न ऑफ़ ज़ॉम्बी फ़ादर","Overall","Overall","Overall","Overall",11.46072,-0.15684432395448988
"2026-09-15 00:00:00","3.Tuesday","Yakshini | यक्षिणी","Overall","Overall","Overall","Overall",44.19358,0.6612816281421394
"2026-09-15 00:00:00","3.Tuesday","Zombie Ka Aatank | ज़ॉम्बी का आतंक","Overall","Overall","Overall","Overall",2.5493900000000007,1.6685403255351448
"2026-09-15 00:00:00","3.Tuesday","Zombie Pralay","Overall","Overall","Overall","Overall",2.7022199999999996,-0.5039331484095763
"2026-09-14 00:00:00","2.Monday","Ameerzada Commander","Overall","Overall","Overall","Overall",40.80479000000001,0.0848488860601051
"2026-09-14 00:00:00","2.Monday","Commander Vikram Chauhan । कमांडर विक्रम चौहान","Overall","Overall","Overall","Overall",7.27092,0.13676863978687104
"2026-09-14 00:00:00","2.Monday","Detective Vikrant |डिटेक्टिव विक्रांत","Overall","Overall","Overall","Overall",14.32276,-0.3663031133209538
"2026-09-14 00:00:00","2.Monday","Dhurandhar Detective | धुरंधर डिटेक्टिव","Overall","Overall","Overall","Overall",0.06506,-0.974497775513004
"2026-09-14 00:00:00","2.Monday","Earth's Last Stand","Overall","Overall","Overall","Overall",64.04332999999998,-0.5029689155972725
"2026-09-14 00:00:00","2.Monday","Gangster Billionaire | गैंगस्टर बिलिनेर","Overall","Overall","Overall","Overall",18.990400000000005,-0.5289062868228014
"2026-09-14 00:00:00","2.Monday","Killer Agent | किलर एजेंट","Overall","Overall","Overall","Overall",0.8207800000000001,-0.935897946544395
"2026-09-14 00:00:00","2.Monday","Secret Fauji | सीक्रेट फौजी","Overall","Overall","Overall","Overall",58.91515000000001,0.2837499654086757
"2026-09-14 00:00:00","2.Monday","Shiva : Ek Pretyodha","Overall","Overall","Overall","Overall",329.56746000000027,-0.20980147202913735
"2026-09-14 00:00:00","2.Monday","The End Game | द एंड गेम","Overall","Overall","Overall","Overall",1.7850800000000004,-0.4763948246074605
"2026-09-14 00:00:00","2.Monday","The Return of Zombie  Father | द रिटर्न ऑफ़ ज़ॉम्बी फ़ादर","Overall","Overall","Overall","Overall",5.2858600000000004,-0.7702158663060853
"2026-09-14 00:00:00","2.Monday","Yakshini | यक्षिणी","Overall","Overall","Overall","Overall",40.74427000000001,0.47827322113324566
"2026-09-14 00:00:00","2.Monday","Zombie Pralay","Overall","Overall","Overall","Overall",1.8127500000000003,-0.6484622709017323
"2026-09-13 00:00:00","1.Sunday","Ameerzada Commander","Overall","Overall","Overall","Overall",41.438170000000014,0.046252777653639
"2026-09-13 00:00:00","1.Sunday","Commander Vikram Chauhan । कमांडर विक्रम चौहान","Overall","Overall","Overall","Overall",2.73767,-0.6853086485032541
"2026-09-13 00:00:00","1.Sunday","Detective Vikrant |डिटेक्टिव विक्रांत","Overall","Overall","Overall","Overall",21.414010000000005,1.5987686982861788
"2026-09-13 00:00:00","1.Sunday","Dhurandhar Detective | धुरंधर डिटेक्टिव","Overall","Overall","Overall","Overall",0.30164,-0.847285577590004
"2026-09-13 00:00:00","1.Sunday","Earth's Last Stand","Overall","Overall","Overall","Overall",63.05440000000004,-0.41634562516545714
"2026-09-13 00:00:00","1.Sunday","Gangster Billionaire | गैंगस्टर बिलिनेर","Overall","Overall","Overall","Overall",26.361870000000003,0.07667805484705625
"2026-09-13 00:00:00","1.Sunday","Killer Agent | किलर एजेंट","Overall","Overall","Overall","Overall",0.35128,-0.9828114495083883
"2026-09-13 00:00:00","1.Sunday","Secret Fauji | सीक्रेट फौजी","Overall","Overall","Overall","Overall",56.519940000000005,-0.22580992462870797
"2026-09-13 00:00:00","1.Sunday","Shiva : Ek Pretyodha","Overall","Overall","Overall","Overall",357.12236999999953,-0.12245980805606682
"2026-09-13 00:00:00","1.Sunday","The End Game | द एंड गेम","Overall","Overall","Overall","Overall",0.11824,-0.9525314041856189
"2026-09-13 00:00:00","1.Sunday","The Return of Zombie  Father | द रिटर्न ऑफ़ ज़ॉम्बी फ़ादर","Overall","Overall","Overall","Overall",14.605370000000004,-0.19935390785430074
"2026-09-13 00:00:00","1.Sunday","Yakshini | यक्षिणी","Overall","Overall","Overall","Overall",31.24395999999999,-0.1446928402015688
"2026-09-13 00:00:00","1.Sunday","Zombie Ka Aatank | ज़ॉम्बी का आतंक","Overall","Overall","Overall","Overall",2.79376,-0.6109186117765028
"2026-09-13 00:00:00","1.Sunday","Zombie Pralay","Overall","Overall","Overall","Overall",0.5764100000000001,-0.9269977127022283
"2026-09-12 00:00:00","7.Saturday","Ameerzada Commander","Overall","Overall","Overall","Overall",54.34849,0.09065775011624244
"2026-09-12 00:00:00","7.Saturday","Commander Vikram Chauhan । कमांडर विक्रम चौहान","Overall","Overall","Overall","Overall",11.955739999999999,0.6733461071742985
"2026-09-12 00:00:00","7.Saturday","Detective Vikrant |डिटेक्टिव विक्रांत","Overall","Overall","Overall","Overall",21.924739999999986,0.6587334011209156
"2026-09-12 00:00:00","7.Saturday","Dhurandhar Detective | धुरंधर डिटेक्टिव","Overall","Overall","Overall","Overall",0.4261599999999999,-0.425234338121249
"2026-09-12 00:00:00","7.Saturday","Earth's Last Stand","Overall","Overall","Overall","Overall",90.08605000000003,0.03861586060977307
"2026-09-12 00:00:00","7.Saturday","Gangster Billionaire | गैंगस्टर बिलिनेर","Overall","Overall","Overall","Overall",29.062689999999996,0.45766272926847207
"2026-09-12 00:00:00","7.Saturday","Killer Agent | किलर एजेंट","Overall","Overall","Overall","Overall",2.1407000000000003,-0.850654012221437
"2026-09-12 00:00:00","7.Saturday","Secret Fauji | सीक्रेट फौजी","Overall","Overall","Overall","Overall",55.76076999999999,-0.17940774542448168
"2026-09-12 00:00:00","7.Saturday","Shiva : Ek Pretyodha","Overall","Overall","Overall","Overall",339.9874599999998,-0.0777918082161525
"2026-09-12 00:00:00","7.Saturday","The End Game | द एंड गेम","Overall","Overall","Overall","Overall",1.09285,-0.3737141612749787
"2026-09-12 00:00:00","7.Saturday","The Return of Zombie  Father | द रिटर्न ऑफ़ ज़ॉम्बी फ़ादर","Overall","Overall","Overall","Overall",17.007280000000005,-0.09012128841455136
"2026-09-12 00:00:00","7.Saturday","Yakshini | यक्षिणी","Overall","Overall","Overall","Overall",33.786170000000006,0.3577914880654325
"2026-09-12 00:00:00","7.Saturday","Zombie Ka Aatank | ज़ॉम्बी का आतंक","Overall","Overall","Overall","Overall",2.1270300000000004,-0.09998603665167372
"2026-09-12 00:00:00","7.Saturday","Zombie Pralay","Overall","Overall","Overall","Overall",8.240789999999997,-0.15271296070671814
"2026-09-11 00:00:00","6.Friday","Ameerzada Commander","Overall","Overall","Overall","Overall",40.30703,-0.02717708998562951
"2026-09-11 00:00:00","6.Friday","Commander Vikram Chauhan । कमांडर विक्रम चौहान","Overall","Overall","Overall","Overall",5.253069999999999,-0.19563076989037897
"2026-09-11 00:00:00","6.Friday","Detective Vikrant |डिटेक्टिव विक्रांत","Overall","Overall","Overall","Overall",31.086499999999997,0.49309898309904066
"2026-09-11 00:00:00","6.Friday","Dhurandhar Detective | धुरंधर डिटेक्टिव","Overall","Overall","Overall","Overall",0.19052,-0.8222363215645294
"2026-09-11 00:00:00","6.Friday","Earth's Last Stand","Overall","Overall","Overall","Overall",76.62446000000003,-0.3833230050107118
"2026-09-11 00:00:00","6.Friday","Gangster Billionaire | गैंगस्टर बिलिनेर","Overall","Overall","Overall","Overall",30.642009999999996,-0.09646384927741047
"2026-09-11 00:00:00","6.Friday","Killer Agent | किलर एजेंट","Overall","Overall","Overall","Overall",2.62565,-0.8340309681595335
"2026-09-11 00:00:00","6.Friday","Secret Fauji | सीक्रेट फौजी","Overall","Overall","Overall","Overall",46.74318000000001,-0.28187290291655887
"2026-09-11 00:00:00","6.Friday","Shiva : Ek Pretyodha","Overall","Overall","Overall","Overall",355.1784699999995,-0.12959805994467855
"2026-09-11 00:00:00","6.Friday","The End Game | द एंड गेम","Overall","Overall","Overall","Overall",0.22856999999999997,-0.9551204896160786
"2026-09-11 00:00:00","6.Friday","The Return of Zombie  Father | द रिटर्न ऑफ़ ज़ॉम्बी फ़ादर","Overall","Overall","Overall","Overall",15.111429999999995,-0.03499180682760128
"2026-09-11 00:00:00","6.Friday","Yakshini | यक्षिणी","Overall","Overall","Overall","Overall",42.19756999999999,0.7759195016028384
"2026-09-11 00:00:00","6.Friday","Zombie Ka Aatank | ज़ॉम्बी का आतंक","Overall","Overall","Overall","Overall",0.28511000000000003,-0.8335337941987015
"2026-09-11 00:00:00","6.Friday","Zombie Pralay","Overall","Overall","Overall","Overall",0.8542200000000001,-0.9199510458972826
"2026-09-10 00:00:00","5.Thursday","Ameerzada Commander","Overall","Overall","Overall","Overall",41.40507000000001,0.10842762291733554
"2026-09-10 00:00:00","5.Thursday","Commander Vikram Chauhan । कमांडर विक्रम चौहान","Overall","Overall","Overall","Overall",3.72933,-0.6153807280407915
"2026-09-10 00:00:00","5.Thursday","Detective Vikrant |डिटेक्टिव विक्रांत","Overall","Overall","Overall","Overall",22.003880000000006,-0.6179768531322718
"2026-09-10 00:00:00","5.Thursday","Earth's Last Stand","Overall","Overall","Overall","Overall",89.86255000000006,-0.2797784832674264
"2026-09-10 00:00:00","5.Thursday","Gangster Billionaire | गैंगस्टर बिलिनेर","Overall","Overall","Overall","Overall",41.585359999999994,0.771036761950189
"2026-09-10 00:00:00","5.Thursday","Killer Agent | किलर एजेंट","Overall","Overall","Overall","Overall",2.00038,-0.851767814679757
"2026-09-10 00:00:00","5.Thursday","Secret Fauji | सीक्रेट फौजी","Overall","Overall","Overall","Overall",51.86555000000002,-0.19632552739948472
"2026-09-10 00:00:00","5.Thursday","Shiva : Ek Pretyodha","Overall","Overall","Overall","Overall",365.41307000000006,-0.07936708171264584
"2026-09-10 00:00:00","5.Thursday","The End Game | द एंड गेम","Overall","Overall","Overall","Overall",1.36292,-0.6876544058668499
"2026-09-10 00:00:00","5.Thursday","The Return of Zombie  Father | द रिटर्न ऑफ़ ज़ॉम्बी फ़ादर","Overall","Overall","Overall","Overall",18.66355,0.07167978832320898
"2026-09-10 00:00:00","5.Thursday","Yakshini | यक्षिणी","Overall","Overall","Overall","Overall",33.97401999999998,0.0933716434775076
"2026-09-10 00:00:00","5.Thursday","Zombie Ka Aatank | ज़ॉम्बी का आतंक","Overall","Overall","Overall","Overall",0.6522399999999999,-0.6939722518075737
"2026-09-10 00:00:00","5.Thursday","Zombie Pralay","Overall","Overall","Overall","Overall",3.740429999999999,-0.8042179379609706
"2026-09-09 00:00:00","4.Wednesday","Ameerzada Commander","Overall","Overall","Overall","Overall",30.559599999999996,-0.2314728075877961
"2026-09-09 00:00:00","4.Wednesday","Commander Vikram Chauhan । कमांडर विक्रम चौहान","Overall","Overall","Overall","Overall",9.60392,-0.40667062469998094
"2026-09-09 00:00:00","4.Wednesday","Detective Vikrant |डिटेक्टिव विक्रांत","Overall","Overall","Overall","Overall",28.273919999999997,
"2026-09-09 00:00:00","4.Wednesday","Dhurandhar Detective | धुरंधर डिटेक्टिव","Overall","Overall","Overall","Overall",1.2549899999999998,-0.40260760289035513
"2026-09-09 00:00:00","4.Wednesday","Earth's Last Stand","Overall","Overall","Overall","Overall",91.88320999999998,-0.2524386830753407
"2026-09-09 00:00:00","4.Wednesday","Gangster Billionaire | गैंगस्टर बिलिनेर","Overall","Overall","Overall","Overall",34.67531000000001,0.5998397175633385
"2026-09-09 00:00:00","4.Wednesday","Killer Agent | किलर एजेंट","Overall","Overall","Overall","Overall",6.833469999999999,-0.054208021170553344
"2026-09-09 00:00:00","4.Wednesday","Secret Fauji | सीक्रेट फौजी","Overall","Overall","Overall","Overall",48.023639999999986,-0.245561016087247
"2026-09-09 00:00:00","4.Wednesday","Shiva : Ek Pretyodha","Overall","Overall","Overall","Overall",350.1155800000001,0.02955536361830502
"2026-09-09 00:00:00","4.Wednesday","The End Game | द एंड गेम","Overall","Overall","Overall","Overall",0.06557,-0.9784047794698846
"2026-09-09 00:00:00","4.Wednesday","The Return of Zombie  Father | द रिटर्न ऑफ़ ज़ॉम्बी फ़ादर","Overall","Overall","Overall","Overall",16.0007,-0.30580809296905476
"2026-09-09 00:00:00","4.Wednesday","Yakshini | यक्षिणी","Overall","Overall","Overall","Overall",37.630759999999995,0.41295112707141657
"2026-09-09 00:00:00","4.Wednesday","Zombie Ka Aatank | ज़ॉम्बी का आतंक","Overall","Overall","Overall","Overall",4.442319999999999,-0.013157690128956068
"2026-09-09 00:00:00","4.Wednesday","Zombie Pralay","Overall","Overall","Overall","Overall",0.5765200000000001,-0.9553890688826142
"2026-09-08 00:00:00","3.Tuesday","Ameerzada Commander","Overall","Overall","Overall","Overall",27.345999999999997,-0.1935842975121308
"2026-09-08 00:00:00","3.Tuesday","Commander Vikram Chauhan । कमांडर विक्रम चौहान","Overall","Overall","Overall","Overall",7.5079,-0.5520626691048591
"2026-09-08 00:00:00","3.Tuesday","Detective Vikrant |डिटेक्टिव विक्रांत","Overall","Overall","Overall","Overall",20.43111,
"2026-09-08 00:00:00","3.Tuesday","Dhurandhar Detective | धुरंधर डिटेक्टिव","Overall","Overall","Overall","Overall",0.62967,-0.48843916547510724
"2026-09-08 00:00:00","3.Tuesday","Earth's Last Stand","Overall","Overall","Overall","Overall",100.11455,-0.3194217570792115
"2026-09-08 00:00:00","3.Tuesday","Gangster Billionaire | गैंगस्टर बिलिनेर","Overall","Overall","Overall","Overall",36.65194,0.4488438916772779
"2026-09-08 00:00:00","3.Tuesday","Killer Agent | किलर एजेंट","Overall","Overall","Overall","Overall",13.32274,
"2026-09-08 00:00:00","3.Tuesday","Secret Fauji | सीक्रेट फौजी","Overall","Overall","Overall","Overall",60.719879999999996,0.019185123627635248
"2026-09-08 00:00:00","3.Tuesday","Shiva : Ek Pretyodha","Overall","Overall","Overall","Overall",396.83574000000016,0.13169986258271638
"2026-09-08 00:00:00","3.Tuesday","The Return of Zombie  Father | द रिटर्न ऑफ़ ज़ॉम्बी फ़ादर","Overall","Overall","Overall","Overall",13.592649999999997,-0.4658839469100201
"2026-09-08 00:00:00","3.Tuesday","Yakshini | यक्षिणी","Overall","Overall","Overall","Overall",26.602099999999993,-0.28227801005972575
"2026-09-08 00:00:00","3.Tuesday","Zombie Ka Aatank | ज़ॉम्बी का आतंक","Overall","Overall","Overall","Overall",2.674760000000001,1.3070208728652761
"2026-09-08 00:00:00","3.Tuesday","Zombie Pralay","Overall","Overall","Overall","Overall",5.447290000000001,-0.6195962781499131
"2026-09-07 00:00:00","2.Monday","Ameerzada Commander","Overall","Overall","Overall","Overall",37.613340000000015,0.9755278986367402
"2026-09-07 00:00:00","2.Monday","Commander Vikram Chauhan । कमांडर विक्रम चौहान","Overall","Overall","Overall","Overall",6.396130000000001,-0.6539126661277422
"2026-09-07 00:00:00","2.Monday","Detective Vikrant |डिटेक्टिव विक्रांत","Overall","Overall","Overall","Overall",22.60191,
"2026-09-07 00:00:00","2.Monday","Dhurandhar Detective | धुरंधर डिटेक्टिव","Overall","Overall","Overall","Overall",0.09084,-0.8414521336940396
"2026-09-07 00:00:00","2.Monday","Earth's Last Stand","Overall","Overall","Overall","Overall",128.85175999999998,-0.1849036991266031
"2026-09-07 00:00:00","2.Monday","Gangster Billionaire | गैंगस्टर बिलिनेर","Overall","Overall","Overall","Overall",40.3113,0.6190161390341
"2026-09-07 00:00:00","2.Monday","Killer Agent | किलर एजेंट","Overall","Overall","Overall","Overall",12.804270000000004,
"2026-09-07 00:00:00","2.Monday","Secret Fauji | सीक्रेट फौजी","Overall","Overall","Overall","Overall",45.893010000000004,-0.26291563675961127
"2026-09-07 00:00:00","2.Monday","Shiva : Ek Pretyodha","Overall","Overall","Overall","Overall",417.0691900000003,0.3154151679361421
"2026-09-07 00:00:00","2.Monday","The End Game | द एंड गेम","Overall","Overall","Overall","Overall",2.05072,-0.6884010405270709
"2026-09-07 00:00:00","2.Monday","The Return of Zombie  Father | द रिटर्न ऑफ़ ज़ॉम्बी फ़ादर","Overall","Overall","Overall","Overall",23.003590000000003,-0.4534432453751882
"2026-09-07 00:00:00","2.Monday","Yakshini | यक्षिणी","Overall","Overall","Overall","Overall",27.56207000000001,0.12501688827209034
"2026-09-07 00:00:00","2.Monday","Zombie Ka Aatank | ज़ॉम्बी का आतंक","Overall","Overall","Overall","Overall",0.9553500000000001,0.0944928798102811
"2026-09-07 00:00:00","2.Monday","Zombie Pralay","Overall","Overall","Overall","Overall",5.156629999999999,-0.6290429095136423
"2026-09-06 00:00:00","1.Sunday","Ameerzada Commander","Overall","Overall","Overall","Overall",39.60627000000002,1.0013557544017813
"2026-09-06 00:00:00","1.Sunday","Commander Vikram Chauhan । कमांडर विक्रम चौहान","Overall","Overall","Overall","Overall",8.699539999999999,-0.5016660699709291
"2026-09-06 00:00:00","1.Sunday","Detective Vikrant |डिटेक्टिव विक्रांत","Overall","Overall","Overall","Overall",8.240059999999998,
"2026-09-06 00:00:00","1.Sunday","Dhurandhar Detective | धुरंधर डिटेक्टिव","Overall","Overall","Overall","Overall",2.55115,-0.40013308691092586
"2026-09-06 00:00:00","1.Sunday","Earth's Last Stand","Overall","Overall","Overall","Overall",108.0338,-0.269703636380229
"2026-09-06 00:00:00","1.Sunday","Gangster Billionaire | गैंगस्टर बिलिनेर","Overall","Overall","Overall","Overall",24.48445,0.029523624912802804
"2026-09-06 00:00:00","1.Sunday","Killer Agent | किलर एजेंट","Overall","Overall","Overall","Overall",20.436859999999996,
"2026-09-06 00:00:00","1.Sunday","Secret Fauji | सीक्रेट फौजी","Overall","Overall","Overall","Overall",73.00524999999999,-0.13070215401278318
"2026-09-06 00:00:00","1.Sunday","Shiva : Ek Pretyodha","Overall","Overall","Overall","Overall",406.9584199999997,0.1779739209872142
"2026-09-06 00:00:00","1.Sunday","The End Game | द एंड गेम","Overall","Overall","Overall","Overall",3.409210000000002,0.055339210757668233
"2026-09-06 00:00:00","1.Sunday","The Return of Zombie  Father | द रिटर्न ऑफ़ ज़ॉम्बी फ़ादर","Overall","Overall","Overall","Overall",18.24198,-0.29046948008026463
"2026-09-06 00:00:00","1.Sunday","Yakshini | यक्षिणी","Overall","Overall","Overall","Overall",36.529520000000005,0.7700657738530765
"2026-09-06 00:00:00","1.Sunday","Zombie Ka Aatank | ज़ॉम्बी का आतंक","Overall","Overall","Overall","Overall",7.180400000000001,-0.0465225907114164
"2026-09-06 00:00:00","1.Sunday","Zombie Pralay","Overall","Overall","Overall","Overall",7.895780000000002,1.773573041917389
"2026-09-05 00:00:00","7.Saturday","Ameerzada Commander","Overall","Overall","Overall","Overall",49.83093000000002,1.8098173173540073
"2026-09-05 00:00:00","7.Saturday","Commander Vikram Chauhan । कमांडर विक्रम चौहान","Overall","Overall","Overall","Overall",7.14481,-0.4811683426573019
"2026-09-05 00:00:00","7.Saturday","Detective Vikrant |डिटेक्टिव विक्रांत","Overall","Overall","Overall","Overall",13.217759999999995,
"2026-09-05 00:00:00","7.Saturday","Dhurandhar Detective | धुरंधर डिटेक्टिव","Overall","Overall","Overall","Overall",1.97519,-0.714713448197668
"2026-09-05 00:00:00","7.Saturday","Earth's Last Stand","Overall","Overall","Overall","Overall",86.73663999999997,-0.29408658639310237
"2026-09-05 00:00:00","7.Saturday","Gangster Billionaire | गैंगस्टर बिलिनेर","Overall","Overall","Overall","Overall",19.937870000000004,-0.00956660183950142
"2026-09-05 00:00:00","7.Saturday","Killer Agent | किलर एजेंट","Overall","Overall","Overall","Overall",14.333829999999997,
"2026-09-05 00:00:00","7.Saturday","Secret Fauji | सीक्रेट फौजी","Overall","Overall","Overall","Overall",67.95186000000001,0.09187854208076329
"2026-09-05 00:00:00","7.Saturday","Shiva : Ek Pretyodha","Overall","Overall","Overall","Overall",368.66670999999974,0.07079602938422846
"2026-09-05 00:00:00","7.Saturday","The End Game | द एंड गेम","Overall","Overall","Overall","Overall",2.4909099999999995,-0.7117349300547157
"2026-09-05 00:00:00","7.Saturday","The Return of Zombie  Father | द रिटर्न ऑफ़ ज़ॉम्बी फ़ादर","Overall","Overall","Overall","Overall",18.69181,-0.42118236440055745
"2026-09-05 00:00:00","7.Saturday","Yakshini | यक्षिणी","Overall","Overall","Overall","Overall",24.88318,-0.07697346823328666
"2026-09-05 00:00:00","7.Saturday","Zombie Ka Aatank | ज़ॉम्बी का आतंक","Overall","Overall","Overall","Overall",2.3633300000000004,38.5337905654065
"2026-09-05 00:00:00","7.Saturday","Zombie Pralay","Overall","Overall","Overall","Overall",9.726090000000001,1.2214002503220387
"2026-09-04 00:00:00","6.Friday","Ameerzada Commander","Overall","Overall","Overall","Overall",41.43305999999998,2.2198948851515743
"2026-09-04 00:00:00","6.Friday","Commander Vikram Chauhan । कमांडर विक्रम चौहान","Overall","Overall","Overall","Overall",6.530670000000001,-0.4892187726083538
"2026-09-04 00:00:00","6.Friday","Detective Vikrant |डिटेक्टिव विक्रांत","Overall","Overall","Overall","Overall",20.82012,
"2026-09-04 00:00:00","6.Friday","Dhurandhar Detective | धुरंधर डिटेक्टिव","Overall","Overall","Overall","Overall",0.74145,0.06536295189378727
"2026-09-04 00:00:00","6.Friday","Earth's Last Stand","Overall","Overall","Overall","Overall",124.25380000000001,-0.26832337527856587
"2026-09-04 00:00:00","6.Friday","Gangster Billionaire | गैंगस्टर बिलिनेर","Overall","Overall","Overall","Overall",33.913430000000005,2.1401614829766955
"2026-09-04 00:00:00","6.Friday","Killer Agent | किलर एजेंट","Overall","Overall","Overall","Overall",15.820119999999998,
"2026-09-04 00:00:00","6.Friday","Secret Fauji | सीक्रेट फौजी","Overall","Overall","Overall","Overall",65.09039999999999,0.08101195649339732
"2026-09-04 00:00:00","6.Friday","Shiva : Ek Pretyodha","Overall","Overall","Overall","Overall",408.06259000000034,0.41213637096337363
"2026-09-04 00:00:00","6.Friday","The Return of Zombie  Father | द रिटर्न ऑफ़ ज़ॉम्बी फ़ादर","Overall","Overall","Overall","Overall",15.659379999999999,-0.5252525038161691
"2026-09-04 00:00:00","6.Friday","Yakshini | यक्षिणी","Overall","Overall","Overall","Overall",23.760969999999997,-0.06214940581538375
"2026-09-04 00:00:00","6.Friday","Zombie Ka Aatank | ज़ॉम्बी का आतंक","Overall","Overall","Overall","Overall",1.7127200000000002,2.103203362806203
"2026-09-04 00:00:00","6.Friday","Zombie Pralay","Overall","Overall","Overall","Overall",10.671220000000002,1.5209889084444659
"2026-09-03 00:00:00","5.Thursday","Ameerzada Commander","Overall","Overall","Overall","Overall",37.354779999999984,1.676098797378259
"2026-09-03 00:00:00","5.Thursday","Commander Vikram Chauhan । कमांडर विक्रम चौहान","Overall","Overall","Overall","Overall",9.69616,-0.26456993675830587
"2026-09-03 00:00:00","5.Thursday","Detective Vikrant |डिटेक्टिव विक्रांत","Overall","Overall","Overall","Overall",57.59829000000001,
"2026-09-03 00:00:00","5.Thursday","Dhurandhar Detective | धुरंधर डिटेक्टिव","Overall","Overall","Overall","Overall",1.07176,-0.7474075191372224
"2026-09-03 00:00:00","5.Thursday","Earth's Last Stand","Overall","Overall","Overall","Overall",124.77070999999995,-0.31803725713380016
"2026-09-03 00:00:00","5.Thursday","Gangster Billionaire | गैंगस्टर बिलिनेर","Overall","Overall","Overall","Overall",23.4808,0.36605628681550395
"2026-09-03 00:00:00","5.Thursday","Killer Agent | किलर एजेंट","Overall","Overall","Overall","Overall",13.494909999999997,
"2026-09-03 00:00:00","5.Thursday","Secret Fauji | सीक्रेट फौजी","Overall","Overall","Overall","Overall",64.53552000000002,-0.19876869488436522
"2026-09-03 00:00:00","5.Thursday","Shiva : Ek Pretyodha","Overall","Overall","Overall","Overall",396.91505999999976,0.1614730055852467
"2026-09-03 00:00:00","5.Thursday","The Return of Zombie  Father | द रिटर्न ऑफ़ ज़ॉम्बी फ़ादर","Overall","Overall","Overall","Overall",17.41523,-0.25442182171262795
"2026-09-03 00:00:00","5.Thursday","Yakshini | यक्षिणी","Overall","Overall","Overall","Overall",31.072709999999997,-0.07109244888240396
"2026-09-03 00:00:00","5.Thursday","Zombie Ka Aatank | ज़ॉम्बी का आतंक","Overall","Overall","Overall","Overall",2.13131,12.602080541195992
"2026-09-03 00:00:00","5.Thursday","Zombie Pralay","Overall","Overall","Overall","Overall",19.105069999999998,0.6176480051480053
"2026-09-02 00:00:00","4.Wednesday","Ameerzada Commander","Overall","Overall","Overall","Overall",39.76384999999998,2.2267209270244166
"2026-09-02 00:00:00","4.Wednesday","Commander Vikram Chauhan । कमांडर विक्रम चौहान","Overall","Overall","Overall","Overall",16.186489999999992,-0.12633722599686137
"2026-09-02 00:00:00","4.Wednesday","Detective Vikrant","Overall","Overall","Overall","Overall",13.37426,1.1967114026716779
"2026-09-02 00:00:00","4.Wednesday","Earth's Last Stand","Overall","Overall","Overall","Overall",122.91059999999993,-0.41018651998453115
"2026-09-02 00:00:00","4.Wednesday","Gangster Billionaire | गैंगस्टर बिलिनेर","Overall","Overall","Overall","Overall",21.674239999999998,2.1744197967714243
"2026-09-02 00:00:00","4.Wednesday","Killer Agent | किलर एजेंट","Overall","Overall","Overall","Overall",7.225129999999999,
"2026-09-02 00:00:00","4.Wednesday","Secret Fauji | सीक्रेट फौजी","Overall","Overall","Overall","Overall",63.65476999999999,-0.2211891874167793
"2026-09-02 00:00:00","4.Wednesday","Shiva : Ek Pretyodha","Overall","Overall","Overall","Overall",340.0648399999994,0.1052547246643123
"2026-09-02 00:00:00","4.Wednesday","The Return of Zombie  Father | द रिटर्न ऑफ़ ज़ॉम्बी फ़ादर","Overall","Overall","Overall","Overall",23.04939,-0.08847449302219657
"2026-09-02 00:00:00","4.Wednesday","Yakshini | यक्षिणी","Overall","Overall","Overall","Overall",26.63274,0.06176204066971458
"2026-09-02 00:00:00","4.Wednesday","Zombie Ka Aatank | ज़ॉम्बी का आतंक","Overall","Overall","Overall","Overall",4.501550000000001,8.33834664453895
"2026-09-02 00:00:00","4.Wednesday","Zombie Pralay","Overall","Overall","Overall","Overall",12.923289999999996,0.1510020609448277
"2026-09-01 00:00:00","3.Tuesday","Ameerzada Commander","Overall","Overall","Overall","Overall",33.91054999999998,1.8183424492336733
"2026-09-01 00:00:00","3.Tuesday","Commander Vikram Chauhan । कमांडर विक्रम चौहान","Overall","Overall","Overall","Overall",16.761049999999997,0.1593822456850993
"2026-09-01 00:00:00","3.Tuesday","Detective Vikrant","Overall","Overall","Overall","Overall",14.86491,-0.0174513333064531
"2026-09-01 00:00:00","3.Tuesday","Dhurandhar Detective | धुरंधर डिटेक्टिव","Overall","Overall","Overall","Overall",2.1007800000000003,-0.7762778577080403
"2026-09-01 00:00:00","3.Tuesday","Earth's Last Stand","Overall","Overall","Overall","Overall",147.10219,-0.11668533149026994
"2026-09-01 00:00:00","3.Tuesday","Gangster Billionaire | गैंगस्टर बिलिनेर","Overall","Overall","Overall","Overall",25.29736999999999,0.2721733191988389
"2026-09-01 00:00:00","3.Tuesday","Secret Fauji | सीक्रेट फौजी","Overall","Overall","Overall","Overall",59.57688999999997,-0.2342254810826606
"2026-09-01 00:00:00","3.Tuesday","Shiva : Ek Pretyodha","Overall","Overall","Overall","Overall",350.65458,-0.009020914712759232
"2026-09-01 00:00:00","3.Tuesday","The Return of Zombie  Father | द रिटर्न ऑफ़ ज़ॉम्बी फ़ादर","Overall","Overall","Overall","Overall",25.44887,-0.21041032562324502
"2026-09-01 00:00:00","3.Tuesday","Yakshini | यक्षिणी","Overall","Overall","Overall","Overall",37.06463000000001,0.255759815962352
"2026-09-01 00:00:00","3.Tuesday","Zombie Ka Aatank | ज़ॉम्बी का आतंक","Overall","Overall","Overall","Overall",1.1594,-0.6071175631393998
"2026-09-01 00:00:00","3.Tuesday","Zombie Pralay","Overall","Overall","Overall","Overall",14.319760000000004,0.3214804150920765
"2026-08-31 00:00:00","2.Monday","Ameerzada Commander","Overall","Overall","Overall","Overall",19.039639999999995,-0.3445787479083098
"2026-08-31 00:00:00","2.Monday","Commander Vikram Chauhan । कमांडर विक्रम चौहान","Overall","Overall","Overall","Overall",18.481259999999995,0.16500458909912408
"2026-08-31 00:00:00","2.Monday","Detective Vikrant","Overall","Overall","Overall","Overall",13.505149999999999,-0.30837378230583223
"2026-08-31 00:00:00","2.Monday","Dhurandhar Detective | धुरंधर डिटेक्टिव","Overall","Overall","Overall","Overall",1.23088,-0.8212587745666083
"2026-08-31 00:00:00","2.Monday","Earth's Last Stand","Overall","Overall","Overall","Overall",158.08163999999996,0.13092018016985474
"2026-08-31 00:00:00","2.Monday","Gangster Billionaire | गैंगस्टर बिलिनेर","Overall","Overall","Overall","Overall",24.89864,-0.08902270945298507
"2026-08-31 00:00:00","2.Monday","Secret Fauji | सीक्रेट फौजी","Overall","Overall","Overall","Overall",62.26290000000001,-0.16878221720019992
"2026-08-31 00:00:00","2.Monday","Shiva : Ek Pretyodha","Overall","Overall","Overall","Overall",317.06278000000015,-0.06803609037248548
"2026-08-31 00:00:00","2.Monday","The End Game | द एंड गेम","Overall","Overall","Overall","Overall",1.7449699999999995,-0.7681506608151938
"2026-08-31 00:00:00","2.Monday","The Return of Zombie  Father | द रिटर्न ऑफ़ ज़ॉम्बी फ़ादर","Overall","Overall","Overall","Overall",42.0882,0.7530227294594134
"2026-08-31 00:00:00","2.Monday","Yakshini | यक्षिणी","Overall","Overall","Overall","Overall",24.49925,-0.1335697876084665
"2026-08-31 00:00:00","2.Monday","Zombie Ka Aatank | ज़ॉम्बी का आतंक","Overall","Overall","Overall","Overall",0.8728700000000001,2.727346485609361
"2026-08-31 00:00:00","2.Monday","Zombie Pralay","Overall","Overall","Overall","Overall",13.900879999999999,-0.321709768712794
"2026-08-30 00:00:00","1.Sunday","Ameerzada Commander","Overall","Overall","Overall","Overall",19.789720000000003,-0.4669780270097017
"2026-08-30 00:00:00","1.Sunday","Commander Vikram Chauhan । कमांडर विक्रम चौहान","Overall","Overall","Overall","Overall",17.457250000000002,0.174914912934244
"2026-08-30 00:00:00","1.Sunday","Detective Vikrant","Overall","Overall","Overall","Overall",8.42175,-0.6054144442653612
"2026-08-30 00:00:00","1.Sunday","Dhurandhar Detective | धुरंधर डिटेक्टिव","Overall","Overall","Overall","Overall",0.57295,-0.9566012396615965
"2026-08-30 00:00:00","1.Sunday","Earth's Last Stand","Overall","Overall","Overall","Overall",147.93145000000004,0.018622155754635328
"2026-08-30 00:00:00","1.Sunday","Gangster Billionaire | गैंगस्टर बिलिनेर","Overall","Overall","Overall","Overall",23.78231,-0.18878358350232038
"2026-08-30 00:00:00","1.Sunday","Secret Fauji | सीक्रेट फौजी","Overall","Overall","Overall","Overall",83.98185999999998,-0.025813740130028795
"2026-08-30 00:00:00","1.Sunday","Shiva : Ek Pretyodha","Overall","Overall","Overall","Overall",345.47319999999974,-0.09104188730234208
"2026-08-30 00:00:00","1.Sunday","The End Game | द एंड गेम","Overall","Overall","Overall","Overall",5.092970000000001,-0.696951467321679
"2026-08-30 00:00:00","1.Sunday","The Return of Zombie  Father | द रिटर्न ऑफ़ ज़ॉम्बी फ़ादर","Overall","Overall","Overall","Overall",25.70993,-0.042417910670122905
"2026-08-30 00:00:00","1.Sunday","Yakshini | यक्षिणी","Overall","Overall","Overall","Overall",20.63738,-0.013285521330129946
"2026-08-30 00:00:00","1.Sunday","Zombie Ka Aatank | ज़ॉम्बी का आतंक","Overall","Overall","Overall","Overall",7.530749999999999,2.088816153760966
"2026-08-30 00:00:00","1.Sunday","Zombie Pralay","Overall","Overall","Overall","Overall",2.8467899999999995,-0.8104062480644627
"2026-08-29 00:00:00","7.Saturday","Ameerzada Commander","Overall","Overall","Overall","Overall",17.734579999999998,-0.39590849883368573
"2026-08-29 00:00:00","7.Saturday","Commander Vikram Chauhan । कमांडर विक्रम चौहान","Overall","Overall","Overall","Overall",13.770959999999997,-0.16075713078173381
"2026-08-29 00:00:00","7.Saturday","Detective Vikrant","Overall","Overall","Overall","Overall",7.469370000000001,-0.5264341158501986
"2026-08-29 00:00:00","7.Saturday","Dhurandhar Detective | धुरंधर डिटेक्टिव","Overall","Overall","Overall","Overall",4.25286,-0.3050007925833804
"2026-08-29 00:00:00","7.Saturday","Earth's Last Stand","Overall","Overall","Overall","Overall",122.87150000000005,-0.11503675862095775
"2026-08-29 00:00:00","7.Saturday","Gangster Billionaire | गैंगस्टर बिलिनेर","Overall","Overall","Overall","Overall",20.130449999999996,-0.593366302313781
"2026-08-29 00:00:00","7.Saturday","Secret Fauji | सीक्रेट फौजी","Overall","Overall","Overall","Overall",62.2339,-0.29737173886266266
"2026-08-29 00:00:00","7.Saturday","Shiva : Ek Pretyodha","Overall","Overall","Overall","Overall",344.29218999999944,-0.10071610010670184
"2026-08-29 00:00:00","7.Saturday","The End Game | द एंड गेम","Overall","Overall","Overall","Overall",4.363499999999999,-0.8403931956694927
"2026-08-29 00:00:00","7.Saturday","The Return of Zombie  Father | द रिटर्न ऑफ़ ज़ॉम्बी फ़ादर","Overall","Overall","Overall","Overall",32.29309,-0.04937283450543606
"2026-08-29 00:00:00","7.Saturday","Yakshini | यक्षिणी","Overall","Overall","Overall","Overall",26.95825,0.03590313676922485
"2026-08-29 00:00:00","7.Saturday","Zombie Ka Aatank | ज़ॉम्बी का आतंक","Overall","Overall","Overall","Overall",0.05978,-0.9385680961042431
"2026-08-29 00:00:00","7.Saturday","Zombie Pralay","Overall","Overall","Overall","Overall",4.37836,-0.4686836743485603
"2026-08-28 00:00:00","6.Friday","Ameerzada Commander","Overall","Overall","Overall","Overall",12.86783,-0.40573298825859194
"2026-08-28 00:00:00","6.Friday","Commander Vikram Chauhan । कमांडर विक्रम चौहान","Overall","Overall","Overall","Overall",12.785649999999999,0.1402595039833474
"2026-08-28 00:00:00","6.Friday","Detective Vikrant","Overall","Overall","Overall","Overall",11.695820000000001,-0.33665765824525773
"2026-08-28 00:00:00","6.Friday","Dhurandhar Detective | धुरंधर डिटेक्टिव","Overall","Overall","Overall","Overall",6.92353,7.734441823205117
"2026-08-28 00:00:00","6.Friday","Earth's Last Stand","Overall","Overall","Overall","Overall",169.82065,0.34434110320252365
"2026-08-28 00:00:00","6.Friday","Gangster Billionaire | गैंगस्टर बिलिनेर","Overall","Overall","Overall","Overall",10.799899999999997,-0.7961101611896253
"2026-08-28 00:00:00","6.Friday","Secret Fauji | सीक्रेट फौजी","Overall","Overall","Overall","Overall",60.212469999999996,-0.43295828435528216
"2026-08-28 00:00:00","6.Friday","Shiva : Ek Pretyodha","Overall","Overall","Overall","Overall",288.9682599999998,-0.2900532213921565
"2026-08-28 00:00:00","6.Friday","The End Game | द एंड गेम","Overall","Overall","Overall","Overall",3.0363200000000004,4.703616042077582
"2026-08-28 00:00:00","6.Friday","The Return of Zombie  Father | द रिटर्न ऑफ़ ज़ॉम्बी फ़ादर","Overall","Overall","Overall","Overall",32.98465,-0.16444444782199763
"2026-08-28 00:00:00","6.Friday","Yakshini | यक्षिणी","Overall","Overall","Overall","Overall",25.33556,-0.23798014310678273
"2026-08-28 00:00:00","6.Friday","Zombie Ka Aatank | ज़ॉम्बी का आतंक","Overall","Overall","Overall","Overall",0.5519200000000002,-0.8583214822953193
"2026-08-28 00:00:00","6.Friday","Zombie Pralay","Overall","Overall","Overall","Overall",4.23295,-0.702960674279515
"2026-08-27 00:00:00","5.Thursday","Ameerzada Commander","Overall","Overall","Overall","Overall",13.95867,-0.46785658054601753
"2026-08-27 00:00:00","5.Thursday","Commander Vikram Chauhan । कमांडर विक्रम चौहान","Overall","Overall","Overall","Overall",13.184340000000004,0.625420707306068
"2026-08-27 00:00:00","5.Thursday","Detective Vikrant","Overall","Overall","Overall","Overall",10.468539999999997,-0.36400932916408724
"2026-08-27 00:00:00","5.Thursday","Dhurandhar Detective | धुरंधर डिटेक्टिव","Overall","Overall","Overall","Overall",0.6959599999999999,-0.4412831957869048
"2026-08-27 00:00:00","5.Thursday","Earth's Last Stand","Overall","Overall","Overall","Overall",182.95825000000008,0.3292623678489812
"2026-08-27 00:00:00","5.Thursday","Gangster Billionaire | गैंगस्टर बिलिनेर","Overall","Overall","Overall","Overall",17.188750000000002,-0.6501821769612643
"2026-08-27 00:00:00","5.Thursday","Secret Fauji | सीक्रेट फौजी","Overall","Overall","Overall","Overall",80.54543000000002,-0.08659108813869765
"2026-08-27 00:00:00","5.Thursday","Shiva : Ek Pretyodha","Overall","Overall","Overall","Overall",341.7342099999999,-0.2235636189110073
"2026-08-27 00:00:00","5.Thursday","The End Game | द एंड गेम","Overall","Overall","Overall","Overall",6.581280000000001,
"2026-08-27 00:00:00","5.Thursday","The Return of Zombie  Father | द रिटर्न ऑफ़ ज़ॉम्बी फ़ादर","Overall","Overall","Overall","Overall",23.35802,-0.4908329075382297
"2026-08-27 00:00:00","5.Thursday","Yakshini | यक्षिणी","Overall","Overall","Overall","Overall",33.450810000000004,-0.25223385534864484
"2026-08-27 00:00:00","5.Thursday","Zombie Pralay","Overall","Overall","Overall","Overall",11.810399999999998,-0.20071412184061
"2026-08-26 00:00:00","4.Wednesday","Ameerzada Commander","Overall","Overall","Overall","Overall",12.323299999999994,-0.6218440720906054
"2026-08-26 00:00:00","4.Wednesday","Commander Vikram Chauhan । कमांडर विक्रम चौहान","Overall","Overall","Overall","Overall",18.527160000000002,1.098027913823855
"2026-08-26 00:00:00","4.Wednesday","Detective Vikrant","Overall","Overall","Overall","Overall",6.088309999999999,-0.4992367203320266
"2026-08-26 00:00:00","4.Wednesday","Dhurandhar Detective | धुरंधर डिटेक्टिव","Overall","Overall","Overall","Overall",4.24304,0.039344310482508194
"2026-08-26 00:00:00","4.Wednesday","Earth's Last Stand","Overall","Overall","Overall","Overall",208.38893,0.4529002447332704
"2026-08-26 00:00:00","4.Wednesday","Gangster Billionaire | गैंगस्टर बिलिनेर","Overall","Overall","Overall","Overall",6.827780000000001,-0.8472444270832634
"2026-08-26 00:00:00","4.Wednesday","Secret Fauji | सीक्रेट फौजी","Overall","Overall","Overall","Overall",81.73328999999995,0.008557773547481329
"2026-08-26 00:00:00","4.Wednesday","Shiva : Ek Pretyodha","Overall","Overall","Overall","Overall",307.68006000000025,-0.24193484169085433
"2026-08-26 00:00:00","4.Wednesday","The End Game | द एंड गेम","Overall","Overall","Overall","Overall",3.23044,
"2026-08-26 00:00:00","4.Wednesday","The Return of Zombie  Father | द रिटर्न ऑफ़ ज़ॉम्बी फ़ादर","Overall","Overall","Overall","Overall",25.286610000000007,-0.3679643173149503
"2026-08-26 00:00:00","4.Wednesday","Yakshini | यक्षिणी","Overall","Overall","Overall","Overall",25.083529999999993,-0.12483815447782265
"2026-08-26 00:00:00","4.Wednesday","Zombie Pralay","Overall","Overall","Overall","Overall",11.227860000000002,-0.2545433058110229
"2026-08-25 00:00:00","3.Tuesday","Ameerzada Commander","Overall","Overall","Overall","Overall",12.032089999999997,-0.7048845509248165
"2026-08-25 00:00:00","3.Tuesday","Commander Vikram Chauhan । कमांडर विक्रम चौहान","Overall","Overall","Overall","Overall",14.45688,0.22672599667541515
"2026-08-25 00:00:00","3.Tuesday","Detective Vikrant","Overall","Overall","Overall","Overall",15.128929999999997,1.3389706564422865
"2026-08-25 00:00:00","3.Tuesday","Dhurandhar Detective | धुरंधर डिटेक्टिव","Overall","Overall","Overall","Overall",9.390130000000001,0.36583907758411294
"2026-08-25 00:00:00","3.Tuesday","Earth's Last Stand","Overall","Overall","Overall","Overall",166.5343000000001,0.20810936527908153
"2026-08-25 00:00:00","3.Tuesday","Gangster Billionaire | गैंगस्टर बिलिनेर","Overall","Overall","Overall","Overall",19.885160000000006,-0.6842176306619433
"2026-08-25 00:00:00","3.Tuesday","Secret Fauji | सीक्रेट फौजी","Overall","Overall","Overall","Overall",77.79952000000006,-0.17503316853688522
"2026-08-25 00:00:00","3.Tuesday","Shiva : Ek Pretyodha","Overall","Overall","Overall","Overall",353.84659999999985,-0.09080565850378652
"2026-08-25 00:00:00","3.Tuesday","The End Game | द एंड गेम","Overall","Overall","Overall","Overall",8.641039999999998,
"2026-08-25 00:00:00","3.Tuesday","The Return of Zombie  Father | द रिटर्न ऑफ़ ज़ॉम्बी फ़ादर","Overall","Overall","Overall","Overall",32.2305,-0.07169630683143735
"2026-08-25 00:00:00","3.Tuesday","Yakshini | यक्षिणी","Overall","Overall","Overall","Overall",29.515700000000013,-0.24406832446076954
"2026-08-25 00:00:00","3.Tuesday","Zombie Ka Aatank | ज़ॉम्बी का आतंक","Overall","Overall","Overall","Overall",0.15669,-0.34707058921576794
"2026-08-25 00:00:00","3.Tuesday","Zombie Pralay","Overall","Overall","Overall","Overall",10.83615,-0.5456064576999684
"2026-08-24 00:00:00","2.Monday","Ameerzada Commander","Overall","Overall","Overall","Overall",29.049470000000003,-0.07148660742824298
"2026-08-24 00:00:00","2.Monday","Commander Vikram Chauhan । कमांडर विक्रम चौहान","Overall","Overall","Overall","Overall",15.863680000000002,0.0898835414234862
"2026-08-24 00:00:00","2.Monday","Detective Vikrant","Overall","Overall","Overall","Overall",19.52666,0.8397998015729069
"2026-08-24 00:00:00","2.Monday","Dhurandhar Detective | धुरंधर डिटेक्टिव","Overall","Overall","Overall","Overall",6.886380000000001,-0.30052219241586875
"2026-08-24 00:00:00","2.Monday","Earth's Last Stand","Overall","Overall","Overall","Overall",139.78143000000003,0.05411590797567234
"2026-08-24 00:00:00","2.Monday","Gangster Billionaire | गैंगस्टर बिलिनेर","Overall","Overall","Overall","Overall",27.331790000000005,1.4607494305444266
"2026-08-24 00:00:00","2.Monday","Secret Fauji | सीक्रेट फौजी","Overall","Overall","Overall","Overall",74.90563999999999,-0.1550551141204477
"2026-08-24 00:00:00","2.Monday","Shiva : Ek Pretyodha","Overall","Overall","Overall","Overall",340.2092899999992,-0.15561522014374263
"2026-08-24 00:00:00","2.Monday","The End Game | द एंड गेम","Overall","Overall","Overall","Overall",7.526310000000002,
"2026-08-24 00:00:00","2.Monday","The Return of Zombie  Father | द रिटर्न ऑफ़ ज़ॉम्बी फ़ादर","Overall","Overall","Overall","Overall",24.008930000000003,-0.05618968248664413
"2026-08-24 00:00:00","2.Monday","Yakshini | यक्षिणी","Overall","Overall","Overall","Overall",28.276080000000007,-0.2656849164587811
"2026-08-24 00:00:00","2.Monday","Zombie Ka Aatank | ज़ॉम्बी का आतंक","Overall","Overall","Overall","Overall",0.48205,-0.7212181848675345
"2026-08-24 00:00:00","2.Monday","Zombie Pralay","Overall","Overall","Overall","Overall",20.494,0.7518964488493081
"2026-08-23 00:00:00","1.Sunday","Ameerzada Commander","Overall","Overall","Overall","Overall",37.1274,0.7448685382354114
"2026-08-23 00:00:00","1.Sunday","Commander Vikram Chauhan । कमांडर विक्रम चौहान","Overall","Overall","Overall","Overall",14.858309999999996,0.2946410055782194
"2026-08-23 00:00:00","1.Sunday","Detective Vikrant","Overall","Overall","Overall","Overall",21.343279999999993,1.325297726373909
"2026-08-23 00:00:00","1.Sunday","Dhurandhar Detective | धुरंधर डिटेक्टिव","Overall","Overall","Overall","Overall",13.201989999999999,1.6302033318856122
"2026-08-23 00:00:00","1.Sunday","Earth's Last Stand","Overall","Overall","Overall","Overall",145.22701000000006,0.0625834516139967
"2026-08-23 00:00:00","1.Sunday","Gangster Billionaire | गैंगस्टर बिलिनेर","Overall","Overall","Overall","Overall",29.316850000000002,4.326288384464171
"2026-08-23 00:00:00","1.Sunday","Secret Fauji | सीक्रेट फौजी","Overall","Overall","Overall","Overall",86.20719,-0.053844385967684705
"2026-08-23 00:00:00","1.Sunday","Shiva : Ek Pretyodha","Overall","Overall","Overall","Overall",380.0760400000002,0.00261577605243013
"2026-08-23 00:00:00","1.Sunday","The End Game | द एंड गेम","Overall","Overall","Overall","Overall",16.805790000000005,
"2026-08-23 00:00:00","1.Sunday","The Return of Zombie  Father | द रिटर्न ऑफ़ ज़ॉम्बी फ़ादर","Overall","Overall","Overall","Overall",26.848799999999997,-0.20292978699907038
"2026-08-23 00:00:00","1.Sunday","Yakshini | यक्षिणी","Overall","Overall","Overall","Overall",20.91525,-0.4382804793318421
"2026-08-23 00:00:00","1.Sunday","Zombie Ka Aatank | ज़ॉम्बी का आतंक","Overall","Overall","Overall","Overall",2.9510100000000006,1.1759080385188243
"2026-08-23 00:00:00","1.Sunday","Zombie Pralay","Overall","Overall","Overall","Overall",15.015210000000002,0.31915564676817976
"2026-08-22 00:00:00","7.Saturday","Ameerzada Commander","Overall","Overall","Overall","Overall",29.357439999999993,1.5445896751378148
"2026-08-22 00:00:00","7.Saturday","Commander Vikram Chauhan । कमांडर विक्रम चौहान","Overall","Overall","Overall","Overall",16.408790000000003,0.49042235380567156
"2026-08-22 00:00:00","7.Saturday","Detective Vikrant","Overall","Overall","Overall","Overall",15.772610000000004,1.3331573030383712
"2026-08-22 00:00:00","7.Saturday","Dhurandhar Detective | धुरंधर डिटेक्टिव","Overall","Overall","Overall","Overall",6.119229999999999,-0.5996874290615088
"2026-08-22 00:00:00","7.Saturday","Earth's Last Stand","Overall","Overall","Overall","Overall",138.84362000000004,0.14607654013433313
"2026-08-22 00:00:00","7.Saturday","Gangster Billionaire | गैंगस्टर बिलिनेर","Overall","Overall","Overall","Overall",49.505120000000005,7.577038091970991
"2026-08-22 00:00:00","7.Saturday","Secret Fauji | सीक्रेट फौजी","Overall","Overall","Overall","Overall",88.57301000000001,0.2168701629783989
"2026-08-22 00:00:00","7.Saturday","Shiva : Ek Pretyodha","Overall","Overall","Overall","Overall",382.85150000000044,0.014713540479504905
"2026-08-22 00:00:00","7.Saturday","The End Game | द एंड गेम","Overall","Overall","Overall","Overall",27.33906,
"2026-08-22 00:00:00","7.Saturday","The Return of Zombie  Father | द रिटर्न ऑफ़ ज़ॉम्बी फ़ादर","Overall","Overall","Overall","Overall",33.970300000000016,0.33499777567834044
"2026-08-22 00:00:00","7.Saturday","Yakshini | यक्षिणी","Overall","Overall","Overall","Overall",26.02391,-0.39648991719100646
"2026-08-22 00:00:00","7.Saturday","Zombie Ka Aatank | ज़ॉम्बी का आतंक","Overall","Overall","Overall","Overall",0.23418,-0.686220388037303
"2026-08-22 00:00:00","7.Saturday","Zombie Pralay","Overall","Overall","Overall","Overall",8.240590000000005,0.6753252825892506
"2026-08-21 00:00:00","6.Friday","Ameerzada Commander","Overall","Overall","Overall","Overall",21.653280000000006,-0.2889623279360666
"2026-08-21 00:00:00","6.Friday","Commander Vikram Chauhan । कमांडर विक्रम चौहान","Overall","Overall","Overall","Overall",11.212930000000004,-0.11166066540699604
"2026-08-21 00:00:00","6.Friday","Detective Vikrant","Overall","Overall","Overall","Overall",17.63165,0.5996822709551923
"2026-08-21 00:00:00","6.Friday","Dhurandhar Detective | धुरंधर डिटेक्टिव","Overall","Overall","Overall","Overall",0.79267,-0.8650900766736731
"2026-08-21 00:00:00","6.Friday","Earth's Last Stand","Overall","Overall","Overall","Overall",126.32258999999995,-0.025660500244274687
"2026-08-21 00:00:00","6.Friday","Gangster Billionaire | गैंगस्टर बिलिनेर","Overall","Overall","Overall","Overall",52.96929000000001,6.506038779122248
"2026-08-21 00:00:00","6.Friday","Secret Fauji | सीक्रेट फौजी","Overall","Overall","Overall","Overall",106.18702000000005,0.2054509845946788
"2026-08-21 00:00:00","6.Friday","Shiva : Ek Pretyodha","Overall","Overall","Overall","Overall",407.0280599999997,0.07291507959110288
"2026-08-21 00:00:00","6.Friday","The End Game | द एंड गेम","Overall","Overall","Overall","Overall",0.53235,
"2026-08-21 00:00:00","6.Friday","The Return of Zombie  Father | द रिटर्न ऑफ़ ज़ॉम्बी फ़ादर","Overall","Overall","Overall","Overall",39.476310000000005,0.35773646788367675
"2026-08-21 00:00:00","6.Friday","Yakshini | यक्षिणी","Overall","Overall","Overall","Overall",33.2479,-0.49233127499472074
"2026-08-21 00:00:00","6.Friday","Zombie Ka Aatank | ज़ॉम्बी का आतंक","Overall","Overall","Overall","Overall",2.43807,0.4501704109491269
"2026-08-21 00:00:00","6.Friday","Zombie Pralay","Overall","Overall","Overall","Overall",14.250470000000002,2.675596136237604
"2026-08-20 00:00:00","5.Thursday","Ameerzada Commander","Overall","Overall","Overall","Overall",26.231030000000004,0.384878752633832
"2026-08-20 00:00:00","5.Thursday","Commander Vikram Chauhan । कमांडर विक्रम चौहान","Overall","Overall","Overall","Overall",8.111340000000002,-0.5784264860350207
"2026-08-20 00:00:00","5.Thursday","Detective Vikrant","Overall","Overall","Overall","Overall",16.460209999999996,1.781042184796712
"2026-08-20 00:00:00","5.Thursday","Dhurandhar Detective | धुरंधर डिटेक्टिव","Overall","Overall","Overall","Overall",1.24564,-0.6922620826982037
"2026-08-20 00:00:00","5.Thursday","Earth's Last Stand","Overall","Overall","Overall","Overall",137.63892999999993,-0.0032081680208391194
"2026-08-20 00:00:00","5.Thursday","Gangster Billionaire | गैंगस्टर बिलिनेर","Overall","Overall","Overall","Overall",49.13629000000001,5.661066556047199
"2026-08-20 00:00:00","5.Thursday","Secret Fauji | सीक्रेट फौजी","Overall","Overall","Overall","Overall",88.18112999999998,-0.0007332923568980076
"2026-08-20 00:00:00","5.Thursday","Shiva : Ek Pretyodha","Overall","Overall","Overall","Overall",440.1316300000005,0.09134761156113691
"2026-08-20 00:00:00","5.Thursday","The Return of Zombie  Father | द रिटर्न ऑफ़ ज़ॉम्बी फ़ादर","Overall","Overall","Overall","Overall",45.87495999999997,0.6972590398777596
"2026-08-20 00:00:00","5.Thursday","Yakshini | यक्षिणी","Overall","Overall","Overall","Overall",44.73431999999999,0.15486889128061399
"2026-08-20 00:00:00","5.Thursday","Zombie Ka Aatank | ज़ॉम्बी का आतंक","Overall","Overall","Overall","Overall",0.9731099999999999,0.17485632877770807
"2026-08-20 00:00:00","5.Thursday","Zombie Pralay","Overall","Overall","Overall","Overall",14.776190000000001,4.555104833585848
"2026-08-19 00:00:00","4.Wednesday","Ameerzada Commander","Overall","Overall","Overall","Overall",32.587879999999984,1.476510378233863
"2026-08-19 00:00:00","4.Wednesday","Commander Vikram Chauhan । कमांडर विक्रम चौहान","Overall","Overall","Overall","Overall",8.830749999999998,-0.22689934173837456
"2026-08-19 00:00:00","4.Wednesday","Detective Vikrant","Overall","Overall","Overall","Overall",12.158059999999997,0.2720297133291478
"2026-08-19 00:00:00","4.Wednesday","Dhurandhar Detective | धुरंधर डिटेक्टिव","Overall","Overall","Overall","Overall",4.082419999999999,3.547390698969645
"2026-08-19 00:00:00","4.Wednesday","Earth's Last Stand","Overall","Overall","Overall","Overall",143.42962,-0.031284599180868344
"2026-08-19 00:00:00","4.Wednesday","Gangster Billionaire | गैंगस्टर बिलिनेर","Overall","Overall","Overall","Overall",44.69742000000001,3.098435994230684
"2026-08-19 00:00:00","4.Wednesday","Secret Fauji | सीक्रेट फौजी","Overall","Overall","Overall","Overall",81.03976999999999,0.08402443877431631
"2026-08-19 00:00:00","4.Wednesday","Shiva : Ek Pretyodha","Overall","Overall","Overall","Overall",405.8754799999997,0.011909187842832125
"2026-08-19 00:00:00","4.Wednesday","The Return of Zombie  Father | द रिटर्न ऑफ़ ज़ॉम्बी फ़ादर","Overall","Overall","Overall","Overall",40.0082,0.2174553399579764
"2026-08-19 00:00:00","4.Wednesday","Yakshini | यक्षिणी","Overall","Overall","Overall","Overall",28.66159000000001,-0.2967683809664944
"2026-08-19 00:00:00","4.Wednesday","Zombie Ka Aatank | ज़ॉम्बी का आतंक","Overall","Overall","Overall","Overall",3.8955800000000007,0.12996588852276392
"2026-08-19 00:00:00","4.Wednesday","Zombie Pralay","Overall","Overall","Overall","Overall",15.061720000000003,11.178270818341328
"2026-08-18 00:00:00","3.Tuesday","Ameerzada Commander","Overall","Overall","Overall","Overall",40.77078999999999,0.4541915358204973
"2026-08-18 00:00:00","3.Tuesday","Commander Vikram Chauhan । कमांडर विक्रम चौहान","Overall","Overall","Overall","Overall",11.78493,-0.14998690892724598
"2026-08-18 00:00:00","3.Tuesday","Detective Vikrant","Overall","Overall","Overall","Overall",6.4681999999999995,-0.33438092033296385
"2026-08-18 00:00:00","3.Tuesday","Dhurandhar Detective | धुरंधर डिटेक्टिव","Overall","Overall","Overall","Overall",6.87499,-0.05407662609624053
"2026-08-18 00:00:00","3.Tuesday","Earth's Last Stand","Overall","Overall","Overall","Overall",137.84703999999994,-0.024120285898897698
"2026-08-18 00:00:00","3.Tuesday","Gangster Billionaire | गैंगस्टर बिलिनेर","Overall","Overall","Overall","Overall",62.97108999999999,5.10705737450539
"2026-08-18 00:00:00","3.Tuesday","Secret Fauji | सीक्रेट फौजी","Overall","Overall","Overall","Overall",94.30624,0.21552986055070056
"2026-08-18 00:00:00","3.Tuesday","Shiva : Ek Pretyodha","Overall","Overall","Overall","Overall",389.18697999999983,-0.055588736970504926
"2026-08-18 00:00:00","3.Tuesday","The Return of Zombie  Father | द रिटर्न ऑफ़ ज़ॉम्बी फ़ादर","Overall","Overall","Overall","Overall",34.71978,-0.0869160446593451
"2026-08-18 00:00:00","3.Tuesday","Yakshini | यक्षिणी","Overall","Overall","Overall","Overall",39.04546000000001,-0.09582686579468525
"2026-08-18 00:00:00","3.Tuesday","Zombie Pralay","Overall","Overall","Overall","Overall",23.847499999999997,17.09960761098082
"2026-08-17 00:00:00","2.Monday","Ameerzada Commander","Overall","Overall","Overall","Overall",31.286000000000016,0.17059846968364822
"2026-08-17 00:00:00","2.Monday","Commander Vikram Chauhan । कमांडर विक्रम चौहान","Overall","Overall","Overall","Overall",14.555390000000004,0.6551218707891047
"2026-08-17 00:00:00","2.Monday","Detective Vikrant","Overall","Overall","Overall","Overall",10.61347,0.5649792239886997
"2026-08-17 00:00:00","2.Monday","Dhurandhar Detective | धुरंधर डिटेक्टिव","Overall","Overall","Overall","Overall",9.845030000000001,187.4216267942584
"2026-08-17 00:00:00","2.Monday","Earth's Last Stand","Overall","Overall","Overall","Overall",132.60537000000005,-0.2138361487451883
"2026-08-17 00:00:00","2.Monday","Gangster Billionaire | गैंगस्टर बिलिनेर","Overall","Overall","Overall","Overall",11.1071,-0.30672051232437236
"2026-08-17 00:00:00","2.Monday","Secret Fauji | सीक्रेट फौजी","Overall","Overall","Overall","Overall",88.65151,-0.037376622885874955
"2026-08-17 00:00:00","2.Monday","Shiva : Ek Pretyodha","Overall","Overall","Overall","Overall",402.90789000000007,0.0483872638091416
"2026-08-17 00:00:00","2.Monday","The Return of Zombie  Father | द रिटर्न ऑफ़ ज़ॉम्बी फ़ादर","Overall","Overall","Overall","Overall",25.4383,-0.14923894605600396
"2026-08-17 00:00:00","2.Monday","Yakshini | यक्षिणी","Overall","Overall","Overall","Overall",38.506740000000015,0.19327223815900152
"2026-08-17 00:00:00","2.Monday","Zombie Ka Aatank | ज़ॉम्बी का आतंक","Overall","Overall","Overall","Overall",0.23998,-0.8833349538162373
"2026-08-17 00:00:00","2.Monday","Zombie Pralay","Overall","Overall","Overall","Overall",11.69818,23.65473781824313
"2026-08-16 00:00:00","1.Sunday","Ameerzada Commander","Overall","Overall","Overall","Overall",21.278050000000004,0.46313497144287386
"2026-08-16 00:00:00","1.Sunday","Commander Vikram Chauhan । कमांडर विक्रम चौहान","Overall","Overall","Overall","Overall",11.47678,-0.2437665719572174
"2026-08-16 00:00:00","1.Sunday","Detective Vikrant","Overall","Overall","Overall","Overall",9.178730000000002,0.27916566790605923
"2026-08-16 00:00:00","1.Sunday","Dhurandhar Detective | धुरंधर डिटेक्टिव","Overall","Overall","Overall","Overall",5.019379999999998,3.2172576037640708
"2026-08-16 00:00:00","1.Sunday","Earth's Last Stand","Overall","Overall","Overall","Overall",136.67350999999996,0.12013933726367765
"2026-08-16 00:00:00","1.Sunday","Gangster Billionaire | गैंगस्टर बिलिनेर","Overall","Overall","Overall","Overall",5.504180000000001,-0.6223461663282941
"2026-08-16 00:00:00","1.Sunday","Secret Fauji | सीक्रेट फौजी","Overall","Overall","Overall","Overall",91.11311999999997,0.010112530953106491
"2026-08-16 00:00:00","1.Sunday","Shiva : Ek Pretyodha","Overall","Overall","Overall","Overall",379.08443999999935,0.0029278705993731613
"2026-08-16 00:00:00","1.Sunday","The Return of Zombie  Father | द रिटर्न ऑफ़ ज़ॉम्बी फ़ादर","Overall","Overall","Overall","Overall",33.684360000000005,0.20217090816039218
"2026-08-16 00:00:00","1.Sunday","Yakshini | यक्षिणी","Overall","Overall","Overall","Overall",37.23432999999998,-0.034733873660502845
"2026-08-16 00:00:00","1.Sunday","Zombie Ka Aatank | ज़ॉम्बी का आतंक","Overall","Overall","Overall","Overall",1.72913,2.265281843074308
"2026-08-16 00:00:00","1.Sunday","Zombie Pralay","Overall","Overall","Overall","Overall",11.38244,176.9896794370602
"2026-08-15 00:00:00","7.Saturday","Ameerzada Commander","Overall","Overall","Overall","Overall",11.537199999999999,-0.5054139026997921
"2026-08-15 00:00:00","7.Saturday","Commander Vikram Chauhan । कमांडर विक्रम चौहान","Overall","Overall","Overall","Overall",11.00949,-0.281200665948487
"2026-08-15 00:00:00","7.Saturday","Detective Vikrant","Overall","Overall","Overall","Overall",6.760200000000003,-0.2130444500321289
"2026-08-15 00:00:00","7.Saturday","Dhurandhar Detective | धुरंधर डिटेक्टिव","Overall","Overall","Overall","Overall",15.286130000000004,10.760913721205783
"2026-08-15 00:00:00","7.Saturday","Earth's Last Stand","Overall","Overall","Overall","Overall",121.1469,0.6257237272498539
"2026-08-15 00:00:00","7.Saturday","Gangster Billionaire | गैंगस्टर बिलिनेर","Overall","Overall","Overall","Overall",5.77182,0.5142456869411913
"2026-08-15 00:00:00","7.Saturday","Secret Fauji | सीक्रेट फौजी","Overall","Overall","Overall","Overall",72.78756000000001,-0.21841572635923623
"2026-08-15 00:00:00","7.Saturday","Shiva : Ek Pretyodha","Overall","Overall","Overall","Overall",377.30008,0.02334725723600317
"2026-08-15 00:00:00","7.Saturday","The Return of Zombie  Father | द रिटर्न ऑफ़ ज़ॉम्बी फ़ादर","Overall","Overall","Overall","Overall",25.445959999999996,-0.34917739074610943
"2026-08-15 00:00:00","7.Saturday","Yakshini | यक्षिणी","Overall","Overall","Overall","Overall",43.12092000000003,0.15753401123149202
"2026-08-15 00:00:00","7.Saturday","Zombie Ka Aatank | ज़ॉम्बी का आतंक","Overall","Overall","Overall","Overall",1.3562200000000002,-0.5895975621934206
"2026-08-15 00:00:00","7.Saturday","Zombie Pralay","Overall","Overall","Overall","Overall",4.918799999999999,-0.3912466646534952
"2026-08-14 00:00:00","6.Friday","Ameerzada Commander","Overall","Overall","Overall","Overall",30.453069999999993,0.1810226275860618
"2026-08-14 00:00:00","6.Friday","Commander Vikram Chauhan । कमांडर विक्रम चौहान","Overall","Overall","Overall","Overall",12.62235,-0.3990436002679517
"2026-08-14 00:00:00","6.Friday","Detective Vikrant","Overall","Overall","Overall","Overall",11.02197,0.3587911139602544
"2026-08-14 00:00:00","6.Friday","Dhurandhar Detective | धुरंधर डिटेक्टिव","Overall","Overall","Overall","Overall",5.87555,198.10369366316502
"2026-08-14 00:00:00","6.Friday","Earth's Last Stand","Overall","Overall","Overall","Overall",129.64946000000003,0.8523092599275761
"2026-08-14 00:00:00","6.Friday","Gangster Billionaire | गैंगस्टर बिलिनेर","Overall","Overall","Overall","Overall",7.056890000000001,-0.020697914527257777
"2026-08-14 00:00:00","6.Friday","Secret Fauji | सीक्रेट फौजी","Overall","Overall","Overall","Overall",88.08904,0.008638269680454336
"2026-08-14 00:00:00","6.Friday","Shiva : Ek Pretyodha","Overall","Overall","Overall","Overall",379.36652,-0.030963524383534002
"2026-08-14 00:00:00","6.Friday","The Return of Zombie  Father | द रिटर्न ऑफ़ ज़ॉम्बी फ़ादर","Overall","Overall","Overall","Overall",29.075089999999996,-0.22137931791700416
"2026-08-14 00:00:00","6.Friday","Yakshini | यक्षिणी","Overall","Overall","Overall","Overall",65.49133,0.5228462998190713
"2026-08-14 00:00:00","6.Friday","Zombie Ka Aatank | ज़ॉम्बी का आतंक","Overall","Overall","Overall","Overall",0.7463200000000001,0.25833754847411905
"2026-08-14 00:00:00","6.Friday","Zombie Pralay","Overall","Overall","Overall","Overall",3.8770499999999997,-0.04314314907227834
"2026-08-13 00:00:00","5.Thursday","Ameerzada Commander","Overall","Overall","Overall","Overall",18.94103000000001,-0.6401641248703168
"2026-08-13 00:00:00","5.Thursday","Commander Vikram Chauhan । कमांडर विक्रम चौहान","Overall","Overall","Overall","Overall",19.240630000000003,-0.1272566865416409
"2026-08-13 00:00:00","5.Thursday","Detective Vikrant","Overall","Overall","Overall","Overall",5.91872,-0.4692264095445122
"2026-08-13 00:00:00","5.Thursday","Dhurandhar Detective | धुरंधर डिटेक्टिव","Overall","Overall","Overall","Overall",4.04773,
"2026-08-13 00:00:00","5.Thursday","Earth's Last Stand","Overall","Overall","Overall","Overall",138.08192,0.878394424968042
"2026-08-13 00:00:00","5.Thursday","Gangster Billionaire | गैंगस्टर बिलिनेर","Overall","Overall","Overall","Overall",7.376639999999999,-0.5701424071102161
"2026-08-13 00:00:00","5.Thursday","Secret Fauji | सीक्रेट फौजी","Overall","Overall","Overall","Overall",88.24584000000003,-0.11291304640221278
"2026-08-13 00:00:00","5.Thursday","Shiva : Ek Pretyodha","Overall","Overall","Overall","Overall",403.2918799999998,-0.05186158254564599
"2026-08-13 00:00:00","5.Thursday","The Return of Zombie  Father | द रिटर्न ऑफ़ ज़ॉम्बी फ़ादर","Overall","Overall","Overall","Overall",27.028849999999995,-0.0897296048490549
"2026-08-13 00:00:00","5.Thursday","Yakshini | यक्षिणी","Overall","Overall","Overall","Overall",38.73540999999999,-0.09474560716137848
"2026-08-13 00:00:00","5.Thursday","Zombie Ka Aatank | ज़ॉम्बी का आतंक","Overall","Overall","Overall","Overall",1.6812299999999998,-0.6567433256837654
"2026-08-13 00:00:00","5.Thursday","Zombie Pralay","Overall","Overall","Overall","Overall",2.6599299999999992,0.06767898142350215
"2026-08-12 00:00:00","4.Wednesday","Ameerzada Commander","Overall","Overall","Overall","Overall",13.158790000000003,-0.6605850081882367
"2026-08-12 00:00:00","4.Wednesday","Commander Vikram Chauhan । कमांडर विक्रम चौहान","Overall","Overall","Overall","Overall",11.422509999999999,-0.2615483776705615
"2026-08-12 00:00:00","4.Wednesday","Detective Vikrant","Overall","Overall","Overall","Overall",9.558000000000002,-0.09660418446741426
"2026-08-12 00:00:00","4.Wednesday","Dhurandhar Detective | धुरंधर डिटेक्टिव","Overall","Overall","Overall","Overall",0.89775,
"2026-08-12 00:00:00","4.Wednesday","Earth's Last Stand","Overall","Overall","Overall","Overall",148.06167,1.3152271456773699
"2026-08-12 00:00:00","4.Wednesday","Gangster Billionaire | गैंगस्टर बिलिनेर","Overall","Overall","Overall","Overall",10.905969999999998,-0.5132097890361652
"2026-08-12 00:00:00","4.Wednesday","Secret Fauji | सीक्रेट फौजी","Overall","Overall","Overall","Overall",74.75824999999996,-0.2725047354958564
"2026-08-12 00:00:00","4.Wednesday","Shiva : Ek Pretyodha","Overall","Overall","Overall","Overall",401.0987200000001,-0.04946828351576871
"2026-08-12 00:00:00","4.Wednesday","The Return of Zombie  Father | द रिटर्न ऑफ़ ज़ॉम्बी फ़ादर","Overall","Overall","Overall","Overall",32.86214999999999,-0.0011298105857510121
"2026-08-12 00:00:00","4.Wednesday","Yakshini | यक्षिणी","Overall","Overall","Overall","Overall",40.75696999999999,0.498297379733029
"2026-08-12 00:00:00","4.Wednesday","Zombie Ka Aatank | ज़ॉम्बी का आतंक","Overall","Overall","Overall","Overall",0.8282799999999999,-0.47172651317048286
"2026-08-12 00:00:00","4.Wednesday","Zombie Pralay","Overall","Overall","Overall","Overall",1.23677,-0.7718060747404896
"2026-08-11 00:00:00","3.Tuesday","Ameerzada Commander","Overall","Overall","Overall","Overall",28.036740000000012,-0.3592366807891719
"2026-08-11 00:00:00","3.Tuesday","Commander Vikram Chauhan । कमांडर विक्रम चौहान","Overall","Overall","Overall","Overall",13.864409999999998,-0.48192198866719205
"2026-08-11 00:00:00","3.Tuesday","Detective Vikrant","Overall","Overall","Overall","Overall",9.717569999999998,1.7343782095473919
"2026-08-11 00:00:00","3.Tuesday","Dhurandhar Detective | धुरंधर डिटेक्टिव","Overall","Overall","Overall","Overall",7.268019999999998,
"2026-08-11 00:00:00","3.Tuesday","Earth's Last Stand","Overall","Overall","Overall","Overall",141.25413,1.4822557729430619
"2026-08-11 00:00:00","3.Tuesday","Gangster Billionaire | गैंगस्टर बिलिनेर","Overall","Overall","Overall","Overall",10.311200000000001,-0.6988179322387083
"2026-08-11 00:00:00","3.Tuesday","Secret Fauji | सीक्रेट फौजी","Overall","Overall","Overall","Overall",77.58447,-0.25017418093884014
"2026-08-11 00:00:00","3.Tuesday","Shiva : Ek Pretyodha","Overall","Overall","Overall","Overall",412.09481000000005,-0.04546305260822492
"2026-08-11 00:00:00","3.Tuesday","The Return of Zombie  Father | द रिटर्न ऑफ़ ज़ॉम्बी फ़ादर","Overall","Overall","Overall","Overall",38.02473999999999,0.3260247163630299
"2026-08-11 00:00:00","3.Tuesday","Yakshini | यक्षिणी","Overall","Overall","Overall","Overall",43.183610000000044,0.4733213967202079
"2026-08-11 00:00:00","3.Tuesday","Zombie Ka Aatank | ज़ॉम्बी का आतंक","Overall","Overall","Overall","Overall",3.4475200000000017,1.3297989525257656
"2026-08-11 00:00:00","3.Tuesday","Zombie Pralay","Overall","Overall","Overall","Overall",1.31757,-0.7631070789013787
"2026-08-10 00:00:00","2.Monday","Ameerzada Commander","Overall","Overall","Overall","Overall",26.726499999999994,-0.5187755239470688
"2026-08-10 00:00:00","2.Monday","Commander Vikram Chauhan । कमांडर विक्रम चौहान","Overall","Overall","Overall","Overall",8.79415,-0.5925948403021252
"2026-08-10 00:00:00","2.Monday","Detective Vikrant","Overall","Overall","Overall","Overall",6.781859999999998,-0.383704826503239
"2026-08-10 00:00:00","2.Monday","Dhurandhar Detective | धुरंधर डिटेक्टिव","Overall","Overall","Overall","Overall",0.05225,
"2026-08-10 00:00:00","2.Monday","Earth's Last Stand","Overall","Overall","Overall","Overall",168.67396,4.3000975029136175
"2026-08-10 00:00:00","2.Monday","Gangster Billionaire | गैंगस्टर बिलिनेर","Overall","Overall","Overall","Overall",16.021100000000004,0.0452158561798226
"2026-08-10 00:00:00","2.Monday","Secret Fauji | सीक्रेट फौजी","Overall","Overall","Overall","Overall",92.09365999999999,0.12742354599482453
"2026-08-10 00:00:00","2.Monday","Shiva : Ek Pretyodha","Overall","Overall","Overall","Overall",384.31208000000015,-0.05748138099873412
"2026-08-10 00:00:00","2.Monday","The Return of Zombie  Father | द रिटर्न ऑफ़ ज़ॉम्बी फ़ादर","Overall","Overall","Overall","Overall",29.900639999999996,-0.10941430202361146
"2026-08-10 00:00:00","2.Monday","Yakshini | यक्षिणी","Overall","Overall","Overall","Overall",32.26987,0.5395989106828656
"2026-08-10 00:00:00","2.Monday","Zombie Ka Aatank | ज़ॉम्बी का आतंक","Overall","Overall","Overall","Overall",2.057,-0.30670477487285097
"2026-08-10 00:00:00","2.Monday","Zombie Pralay","Overall","Overall","Overall","Overall",0.47448,-0.944282981579142
"2026-08-09 00:00:00","1.Sunday","Ameerzada Commander","Overall","Overall","Overall","Overall",14.542780000000004,-0.666601558649256
"2026-08-09 00:00:00","1.Sunday","Commander Vikram Chauhan । कमांडर विक्रम चौहान","Overall","Overall","Overall","Overall",15.176240000000002,0.045059561806348736
"2026-08-09 00:00:00","1.Sunday","Detective Vikrant","Overall","Overall","Overall","Overall",7.175559999999999,-0.6536932004648596
"2026-08-09 00:00:00","1.Sunday","Dhurandhar Detective | धुरंधर डिटेक्टिव","Overall","Overall","Overall","Overall",1.1902000000000001,
"2026-08-09 00:00:00","1.Sunday","Earth's Last Stand","Overall","Overall","Overall","Overall",122.01474000000002,21.53285613770713
"2026-08-09 00:00:00","1.Sunday","Gangster Billionaire | गैंगस्टर बिलिनेर","Overall","Overall","Overall","Overall",14.57467,6.309079511546851
"2026-08-09 00:00:00","1.Sunday","Secret Fauji | सीक्रेट फौजी","Overall","Overall","Overall","Overall",90.20096000000004,-0.012912110279524547
"2026-08-09 00:00:00","1.Sunday","Shiva : Ek Pretyodha","Overall","Overall","Overall","Overall",377.97776999999974,0.07129462743056458
"2026-08-09 00:00:00","1.Sunday","The Return of Zombie  Father | द रिटर्न ऑफ़ ज़ॉम्बी फ़ादर","Overall","Overall","Overall","Overall",28.01961,0.47918891595904456
"2026-08-09 00:00:00","1.Sunday","Yakshini | यक्षिणी","Overall","Overall","Overall","Overall",38.57416,2.4499339512195997
"2026-08-09 00:00:00","1.Sunday","Zombie Ka Aatank | ज़ॉम्बी का आतंक","Overall","Overall","Overall","Overall",0.5295500000000001,-0.8869342978418127
"2026-08-09 00:00:00","1.Sunday","Zombie Pralay","Overall","Overall","Overall","Overall",0.06395,-0.9929680919613031
"2026-08-08 00:00:00","7.Saturday","Ameerzada Commander","Overall","Overall","Overall","Overall",23.326979999999995,0.7559771550390566
"2026-08-08 00:00:00","7.Saturday","Commander Vikram Chauhan । कमांडर विक्रम चौहान","Overall","Overall","Overall","Overall",15.316500000000001,0.005013090465285863
"2026-08-08 00:00:00","7.Saturday","Detective Vikrant","Overall","Overall","Overall","Overall",8.59032,-0.6252878938038273
"2026-08-08 00:00:00","7.Saturday","Dhurandhar Detective | धुरंधर डिटेक्टिव","Overall","Overall","Overall","Overall",1.29974,
"2026-08-08 00:00:00","7.Saturday","Earth's Last Stand","Overall","Overall","Overall","Overall",74.51874999999997,7.551406266316732
"2026-08-08 00:00:00","7.Saturday","Gangster Billionaire | गैंगस्टर बिलिनेर","Overall","Overall","Overall","Overall",3.81168,-0.1284600434434665
"2026-08-08 00:00:00","7.Saturday","Secret Fauji | सीक्रेट फौजी","Overall","Overall","Overall","Overall",93.12823000000003,0.02868861965766034
"2026-08-08 00:00:00","7.Saturday","Shiva : Ek Pretyodha","Overall","Overall","Overall","Overall",368.69213,0.030869222766171767
"2026-08-08 00:00:00","7.Saturday","The Return of Zombie  Father | द रिटर्न ऑफ़ ज़ॉम्बी फ़ादर","Overall","Overall","Overall","Overall",39.09814999999999,0.8260913630665583
"2026-08-08 00:00:00","7.Saturday","Yakshini | यक्षिणी","Overall","Overall","Overall","Overall",37.252399999999994,1.4462532053702466
"2026-08-08 00:00:00","7.Saturday","Zombie Ka Aatank | ज़ॉम्बी का आतंक","Overall","Overall","Overall","Overall",3.3046100000000003,-0.037278190976440695
"2026-08-08 00:00:00","7.Saturday","Zombie Pralay","Overall","Overall","Overall","Overall",8.080119999999999,1.3623940520011337
"2026-08-07 00:00:00","6.Friday","Ameerzada Commander","Overall","Overall","Overall","Overall",25.78534000000001,0.5380064811937431
"2026-08-07 00:00:00","6.Friday","Commander Vikram Chauhan । कमांडर विक्रम चौहान","Overall","Overall","Overall","Overall",21.003769999999996,0.048902021670421236
"2026-08-07 00:00:00","6.Friday","Detective Vikrant","Overall","Overall","Overall","Overall",8.1116,-0.47332676257890427
"2026-08-07 00:00:00","6.Friday","Earth's Last Stand","Overall","Overall","Overall","Overall",69.99342000000001,5.803655267204661
"2026-08-07 00:00:00","6.Friday","Gangster Billionaire | गैंगस्टर बिलिनेर","Overall","Overall","Overall","Overall",7.2060400000000016,0.34787569535110774
"2026-08-07 00:00:00","6.Friday","Secret Fauji | सीक्रेट फौजी","Overall","Overall","Overall","Overall",87.33461999999999,-0.19522112141151493
"2026-08-07 00:00:00","6.Friday","Shiva : Ek Pretyodha","Overall","Overall","Overall","Overall",391.48838000000023,0.11763001049261756
"2026-08-07 00:00:00","6.Friday","The Return of Zombie  Father | द रिटर्न ऑफ़ ज़ॉम्बी फ़ादर","Overall","Overall","Overall","Overall",37.34179,1.5495698233889632
"2026-08-07 00:00:00","6.Friday","Yakshini | यक्षिणी","Overall","Overall","Overall","Overall",43.00587,2.863366005761918
"2026-08-07 00:00:00","6.Friday","Zombie Ka Aatank | ज़ॉम्बी का आतंक","Overall","Overall","Overall","Overall",0.5931000000000001,-0.5686859137517271
"2026-08-07 00:00:00","6.Friday","Zombie Pralay","Overall","Overall","Overall","Overall",4.051860000000001,1.9339618542816188
"2026-08-06 00:00:00","5.Thursday","Ameerzada Commander","Overall","Overall","Overall","Overall",52.637969999999996,2.712921026143104
"2026-08-06 00:00:00","5.Thursday","Commander Vikram Chauhan । कमांडर विक्रम चौहान","Overall","Overall","Overall","Overall",22.04615,0.5373905681876829
"2026-08-06 00:00:00","5.Thursday","Detective Vikrant","Overall","Overall","Overall","Overall",11.151120000000002,-0.4101347191042142
"2026-08-06 00:00:00","5.Thursday","Earth's Last Stand","Overall","Overall","Overall","Overall",73.51061,6.852925780799323
"2026-08-06 00:00:00","5.Thursday","Gangster Billionaire | गैंगस्टर बिलिनेर","Overall","Overall","Overall","Overall",17.160660000000004,1.6938458350600913
"2026-08-06 00:00:00","5.Thursday","Secret Fauji | सीक्रेट फौजी","Overall","Overall","Overall","Overall",99.47823000000002,-0.07404030267543549
"2026-08-06 00:00:00","5.Thursday","Shiva : Ek Pretyodha","Overall","Overall","Overall","Overall",425.35127000000017,0.3353155549843383
"2026-08-06 00:00:00","5.Thursday","The Return of Zombie  Father | द रिटर्न ऑफ़ ज़ॉम्बी फ़ादर","Overall","Overall","Overall","Overall",29.69321,0.787727724003235
"2026-08-06 00:00:00","5.Thursday","Yakshini | यक्षिणी","Overall","Overall","Overall","Overall",42.789530000000006,0.21553429554482917
"2026-08-06 00:00:00","5.Thursday","Zombie Ka Aatank | ज़ॉम्बी का आतंक","Overall","Overall","Overall","Overall",4.897880000000001,390.20447284345056
"2026-08-06 00:00:00","5.Thursday","Zombie Pralay","Overall","Overall","Overall","Overall",2.49132,-0.7036150512331526
"2026-08-05 00:00:00","4.Wednesday","Ameerzada Commander","Overall","Overall","Overall","Overall",38.769029999999994,0.5785300695718814
"2026-08-05 00:00:00","4.Wednesday","Commander Vikram Chauhan । कमांडर विक्रम चौहान","Overall","Overall","Overall","Overall",15.468190000000002,-0.13734062357438215
"2026-08-05 00:00:00","4.Wednesday","Detective Vikrant","Overall","Overall","Overall","Overall",10.580080000000002,-0.3964947906714086
"2026-08-05 00:00:00","4.Wednesday","Earth's Last Stand","Overall","Overall","Overall","Overall",63.951250000000044,13.531369648549964
"2026-08-05 00:00:00","4.Wednesday","Gangster Billionaire | गैंगस्टर बिलिनेर","Overall","Overall","Overall","Overall",22.403839999999995,9.507283488570597
"2026-08-05 00:00:00","4.Wednesday","Secret Fauji | सीक्रेट फौजी","Overall","Overall","Overall","Overall",102.76114999999999,0.041389816241749644
"2026-08-05 00:00:00","4.Wednesday","Shiva : Ek Pretyodha","Overall","Overall","Overall","Overall",421.97299999999956,0.17683924761247316
"2026-08-05 00:00:00","4.Wednesday","The Return of Zombie  Father | द रिटर्न ऑफ़ ज़ॉम्बी फ़ादर","Overall","Overall","Overall","Overall",32.89932,1.758559046541794
"2026-08-05 00:00:00","4.Wednesday","Yakshini | यक्षिणी","Overall","Overall","Overall","Overall",27.202189999999987,0.28592998580390794
"2026-08-05 00:00:00","4.Wednesday","Zombie Ka Aatank | ज़ॉम्बी का आतंक","Overall","Overall","Overall","Overall",1.5679,
"2026-08-05 00:00:00","4.Wednesday","Zombie Pralay","Overall","Overall","Overall","Overall",5.419820000000001,-0.24983321383785262
"2026-08-04 00:00:00","3.Tuesday","Ameerzada Commander","Overall","Overall","Overall","Overall",43.75522000000001,2.8518004028282498
"2026-08-04 00:00:00","3.Tuesday","Commander Vikram Chauhan । कमांडर विक्रम चौहान","Overall","Overall","Overall","Overall",26.761240000000008,0.556451617593603
"2026-08-04 00:00:00","3.Tuesday","Detective Vikrant","Overall","Overall","Overall","Overall",3.55385,-0.7123134086714373
"2026-08-04 00:00:00","3.Tuesday","Earth's Last Stand","Overall","Overall","Overall","Overall",56.905549999999984,46.58386988878667
"2026-08-04 00:00:00","3.Tuesday","Gangster Billionaire | गैंगस्टर बिलिनेर","Overall","Overall","Overall","Overall",34.23577,43.13816798813899
"2026-08-04 00:00:00","3.Tuesday","Secret Fauji | सीक्रेट फौजी","Overall","Overall","Overall","Overall",103.46998999999997,0.11057183560787465
"2026-08-04 00:00:00","3.Tuesday","Shiva : Ek Pretyodha","Overall","Overall","Overall","Overall",431.7222199999997,0.26487534924378897
"2026-08-04 00:00:00","3.Tuesday","The Return of Zombie  Father | द रिटर्न ऑफ़ ज़ॉम्बी फ़ादर","Overall","Overall","Overall","Overall",28.675739999999998,1.5031088376883832
"2026-08-04 00:00:00","3.Tuesday","Yakshini | यक्षिणी","Overall","Overall","Overall","Overall",29.31038,1.546180301281065
"2026-08-04 00:00:00","3.Tuesday","Zombie Ka Aatank | ज़ॉम्बी का आतंक","Overall","Overall","Overall","Overall",1.47975,
"2026-08-04 00:00:00","3.Tuesday","Zombie Pralay","Overall","Overall","Overall","Overall",5.56188,-0.5231179601149274
"2026-08-03 00:00:00","2.Monday","Ameerzada Commander","Overall","Overall","Overall","Overall",55.53852999999999,3.8530951752630633
"2026-08-03 00:00:00","2.Monday","Commander Vikram Chauhan । कमांडर विक्रम चौहान","Overall","Overall","Overall","Overall",21.585760000000004,0.6508314283988075
"2026-08-03 00:00:00","2.Monday","Detective Vikrant","Overall","Overall","Overall","Overall",11.004240000000001,-0.8452274076535938
"2026-08-03 00:00:00","2.Monday","Earth's Last Stand","Overall","Overall","Overall","Overall",31.824690000000004,5.935523519989541
"2026-08-03 00:00:00","2.Monday","Gangster Billionaire | गैंगस्टर बिलिनेर","Overall","Overall","Overall","Overall",15.328029999999998,5.405843314582794
"2026-08-03 00:00:00","2.Monday","Secret Fauji | सीक्रेट फौजी","Overall","Overall","Overall","Overall",81.68506,-0.1868085986677147
"2026-08-03 00:00:00","2.Monday","Shiva : Ek Pretyodha","Overall","Overall","Overall","Overall",407.7501199999997,0.3128199705954151
"2026-08-03 00:00:00","2.Monday","The Return of Zombie  Father | द रिटर्न ऑफ़ ज़ॉम्बी फ़ादर","Overall","Overall","Overall","Overall",33.57412999999999,0.8169510365683383
"2026-08-03 00:00:00","2.Monday","Yakshini | यक्षिणी","Overall","Overall","Overall","Overall",20.959919999999993,0.6525122460612736
"2026-08-03 00:00:00","2.Monday","Zombie Ka Aatank | ज़ॉम्बी का आतंक","Overall","Overall","Overall","Overall",2.96699,
"2026-08-03 00:00:00","2.Monday","Zombie Pralay","Overall","Overall","Overall","Overall",8.515890000000002,-0.3978515836297798
"2026-08-02 00:00:00","1.Sunday","Ameerzada Commander","Overall","Overall","Overall","Overall",43.619819999999976,1.6692420899970304
"2026-08-02 00:00:00","1.Sunday","Commander Vikram Chauhan । कमांडर विक्रम चौहान","Overall","Overall","Overall","Overall",14.521890000000004,0.22104207254164865
"2026-08-02 00:00:00","1.Sunday","Detective Vikrant","Overall","Overall","Overall","Overall",20.720240000000004,-0.12329049974401396
"2026-08-02 00:00:00","1.Sunday","Earth's Last Stand","Overall","Overall","Overall","Overall",5.414970000000001,-0.7589044450430436
"2026-08-02 00:00:00","1.Sunday","Gangster Billionaire | गैंगस्टर बिलिनेर","Overall","Overall","Overall","Overall",1.99405,-0.4521283756865395
"2026-08-02 00:00:00","1.Sunday","Secret Fauji | सीक्रेट फौजी","Overall","Overall","Overall","Overall",91.38088000000003,0.15647245633877627
"2026-08-02 00:00:00","1.Sunday","Shiva : Ek Pretyodha","Overall","Overall","Overall","Overall",352.82335999999975,0.1910173129302526
"2026-08-02 00:00:00","1.Sunday","The Return of Zombie  Father | द रिटर्न ऑफ़ ज़ॉम्बी फ़ादर","Overall","Overall","Overall","Overall",18.94255,-0.4532933200225001
"2026-08-02 00:00:00","1.Sunday","Yakshini | यक्षिणी","Overall","Overall","Overall","Overall",11.18113,0.2885434937434739
"2026-08-02 00:00:00","1.Sunday","Zombie Ka Aatank | ज़ॉम्बी का आतंक","Overall","Overall","Overall","Overall",4.68356,
"2026-08-02 00:00:00","1.Sunday","Zombie Pralay","Overall","Overall","Overall","Overall",9.094260000000007,0.40888592130356316
"2026-08-01 00:00:00","7.Saturday","Ameerzada Commander","Overall","Overall","Overall","Overall",13.284330000000002,-0.3880901646366909
"2026-08-01 00:00:00","7.Saturday","Commander Vikram Chauhan । कमांडर विक्रम चौहान","Overall","Overall","Overall","Overall",15.240099999999998,0.11931331606879758
"2026-08-01 00:00:00","7.Saturday","Detective Vikrant","Overall","Overall","Overall","Overall",22.925119999999996,1.023317676422669
"2026-08-01 00:00:00","7.Saturday","Earth's Last Stand","Overall","Overall","Overall","Overall",8.714210000000005,-0.12813958234950407
"2026-08-01 00:00:00","7.Saturday","Gangster Billionaire | गैंगस्टर बिलिनेर","Overall","Overall","Overall","Overall",4.373500000000001,-0.2232014720718415
"2026-08-01 00:00:00","7.Saturday","Secret Fauji | सीक्रेट फौजी","Overall","Overall","Overall","Overall",90.53101999999998,0.1589943632003905
"2026-08-01 00:00:00","7.Saturday","Shiva : Ek Pretyodha","Overall","Overall","Overall","Overall",357.65169999999995,0.18405806236912192
"2026-08-01 00:00:00","7.Saturday","The Return of Zombie  Father | द रिटर्न ऑफ़ ज़ॉम्बी फ़ादर","Overall","Overall","Overall","Overall",21.41084,-0.27764380093575325
"2026-08-01 00:00:00","7.Saturday","Yakshini | यक्षिणी","Overall","Overall","Overall","Overall",15.228349999999999,0.06142134350214978
"2026-08-01 00:00:00","7.Saturday","Zombie Ka Aatank | ज़ॉम्बी का आतंक","Overall","Overall","Overall","Overall",3.4325700000000015,
"2026-08-01 00:00:00","7.Saturday","Zombie Pralay","Overall","Overall","Overall","Overall",3.4203100000000006,-0.7877465128733725
"2026-07-31 00:00:00","6.Friday","Ameerzada Commander","Overall","Overall","Overall","Overall",16.765429999999995,-0.24668137169221172
"2026-07-31 00:00:00","6.Friday","Commander Vikram Chauhan । कमांडर विक्रम चौहान","Overall","Overall","Overall","Overall",20.024529999999995,-0.0012837732359715082
"2026-07-31 00:00:00","6.Friday","Detective Vikrant","Overall","Overall","Overall","Overall",15.401580000000001,0.08577672657800406
"2026-07-31 00:00:00","6.Friday","Earth's Last Stand","Overall","Overall","Overall","Overall",10.28762,-0.05156914498860998
"2026-07-31 00:00:00","6.Friday","Gangster Billionaire | गैंगस्टर बिलिनेर","Overall","Overall","Overall","Overall",5.3462200000000015,0.25958194720622796
"2026-07-31 00:00:00","6.Friday","Secret Fauji | सीक्रेट फौजी","Overall","Overall","Overall","Overall",108.52002000000002,0.09589183028544768
"2026-07-31 00:00:00","6.Friday","Shiva : Ek Pretyodha","Overall","Overall","Overall","Overall",350.2844199999998,0.13894861165645866
"2026-07-31 00:00:00","6.Friday","The Return of Zombie  Father | द रिटर्न ऑफ़ ज़ॉम्बी फ़ादर","Overall","Overall","Overall","Overall",14.64631,-0.2124200122603057
"2026-07-31 00:00:00","6.Friday","Yakshini | यक्षिणी","Overall","Overall","Overall","Overall",11.13171,0.14305972570780812
"2026-07-31 00:00:00","6.Friday","Zombie Ka Aatank | ज़ॉम्बी का आतंक","Overall","Overall","Overall","Overall",1.3751,
"2026-07-31 00:00:00","6.Friday","Zombie Pralay","Overall","Overall","Overall","Overall",1.3810200000000001,-0.8925285464482405
"2026-07-30 00:00:00","5.Thursday","Ameerzada Commander","Overall","Overall","Overall","Overall",14.176969999999999,-0.3019702628953844
"2026-07-30 00:00:00","5.Thursday","Commander Vikram Chauhan । कमांडर विक्रम चौहान","Overall","Overall","Overall","Overall",14.339979999999995,-0.170391617356774
"2026-07-30 00:00:00","5.Thursday","Detective Vikrant","Overall","Overall","Overall","Overall",18.90452,0.25636722875103723
"2026-07-30 00:00:00","5.Thursday","Earth's Last Stand","Overall","Overall","Overall","Overall",9.36092,1.2461553966018246
"2026-07-30 00:00:00","5.Thursday","Gangster Billionaire | गैंगस्टर बिलिनेर","Overall","Overall","Overall","Overall",6.37032,1.12254145744968
"2026-07-30 00:00:00","5.Thursday","Secret Fauji | सीक्रेट फौजी","Overall","Overall","Overall","Overall",107.43256999999993,0.15194317001858315
"2026-07-30 00:00:00","5.Thursday","Shiva : Ek Pretyodha","Overall","Overall","Overall","Overall",318.53989000000007,0.21435088454860174
"2026-07-30 00:00:00","5.Thursday","The Return of Zombie  Father | द रिटर्न ऑफ़ ज़ॉम्बी फ़ादर","Overall","Overall","Overall","Overall",16.609469999999995,0.2704461542344838
"2026-07-30 00:00:00","5.Thursday","Yakshini | यक्षिणी","Overall","Overall","Overall","Overall",35.202239999999996,1.7006455820019557
"2026-07-30 00:00:00","5.Thursday","Zombie Pralay","Overall","Overall","Overall","Overall",8.405689999999995,-0.05018734801985125
"2026-07-29 00:00:00","4.Wednesday","Ameerzada Commander","Overall","Overall","Overall","Overall",24.560209999999987,0.541138186078294
"2026-07-29 00:00:00","4.Wednesday","Commander Vikram Chauhan । कमांडर विक्रम चौहान","Overall","Overall","Overall","Overall",17.930820000000004,-0.29778312477310165
"2026-07-29 00:00:00","4.Wednesday","Detective Vikrant","Overall","Overall","Overall","Overall",17.53105,0.6193050613876607
"2026-07-29 00:00:00","4.Wednesday","Earth's Last Stand","Overall","Overall","Overall","Overall",4.400910000000001,-0.38816341000563037
"2026-07-29 00:00:00","4.Wednesday","Gangster Billionaire | गैंगस्टर बिलिनेर","Overall","Overall","Overall","Overall",2.13222,-0.5968248505739737
"2026-07-29 00:00:00","4.Wednesday","Secret Fauji | सीक्रेट फौजी","Overall","Overall","Overall","Overall",98.67692999999998,-0.029338440318294134
"2026-07-29 00:00:00","4.Wednesday","Shiva : Ek Pretyodha","Overall","Overall","Overall","Overall",358.5646899999999,0.47424912379205253
"2026-07-29 00:00:00","4.Wednesday","The Return of Zombie  Father | द रिटर्न ऑफ़ ज़ॉम्बी फ़ादर","Overall","Overall","Overall","Overall",11.92627,-0.37380379069579417
"2026-07-29 00:00:00","4.Wednesday","Yakshini | यक्षिणी","Overall","Overall","Overall","Overall",21.15371,1.2555488499251486
"2026-07-29 00:00:00","4.Wednesday","Zombie Pralay","Overall","Overall","Overall","Overall",7.224819999999994,-0.23147570977246923
"2026-07-28 00:00:00","3.Tuesday","Ameerzada Commander","Overall","Overall","Overall","Overall",11.359679999999999,-0.6358004168535543
"2026-07-28 00:00:00","3.Tuesday","Commander Vikram Chauhan । कमांडर विक्रम चौहान","Overall","Overall","Overall","Overall",17.193749999999998,-0.3532332787644975
"2026-07-28 00:00:00","3.Tuesday","Detective Vikrant","Overall","Overall","Overall","Overall",12.3532,0.8522261439594085
"2026-07-28 00:00:00","3.Tuesday","Earth's Last Stand","Overall","Overall","Overall","Overall",1.1959,-0.9172942158511006
"2026-07-28 00:00:00","3.Tuesday","Gangster Billionaire | गैंगस्टर बिलिनेर","Overall","Overall","Overall","Overall",0.77565,-0.6632571991716558
"2026-07-28 00:00:00","3.Tuesday","Secret Fauji | सीक्रेट फौजी","Overall","Overall","Overall","Overall",93.16821000000003,-0.24650201431342023
"2026-07-28 00:00:00","3.Tuesday","Shiva : Ek Pretyodha","Overall","Overall","Overall","Overall",341.3160199999997,0.3564067978662042
"2026-07-28 00:00:00","3.Tuesday","The Return of Zombie  Father | द रिटर्न ऑफ़ ज़ॉम्बी फ़ादर","Overall","Overall","Overall","Overall",11.456049999999998,-0.16665939242635197
"2026-07-28 00:00:00","3.Tuesday","Yakshini | यक्षिणी","Overall","Overall","Overall","Overall",11.511510000000001,0.017352825766494107
"2026-07-28 00:00:00","3.Tuesday","Zombie Pralay","Overall","Overall","Overall","Overall",11.663009999999998,-0.08446855576471168
"2026-07-27 00:00:00","2.Monday","Ameerzada Commander","Overall","Overall","Overall","Overall",11.443940000000001,-0.6126446920468539
"2026-07-27 00:00:00","2.Monday","Commander Vikram Chauhan । कमांडर विक्रम चौहान","Overall","Overall","Overall","Overall",13.07569,-0.3940147106462868
"2026-07-27 00:00:00","2.Monday","Detective Vikrant","Overall","Overall","Overall","Overall",71.09941000000003,3.7649480542632254
"2026-07-27 00:00:00","2.Monday","Earth's Last Stand","Overall","Overall","Overall","Overall",4.5886499999999995,-0.7252560391101426
"2026-07-27 00:00:00","2.Monday","Gangster Billionaire | गैंगस्टर बिलिनेर","Overall","Overall","Overall","Overall",2.3928199999999995,0.167531117801188
"2026-07-27 00:00:00","2.Monday","Secret Fauji | सीक्रेट फौजी","Overall","Overall","Overall","Overall",100.44997999999995,-0.07399999815629643
"2026-07-27 00:00:00","2.Monday","Shiva : Ek Pretyodha","Overall","Overall","Overall","Overall",310.59104000000025,0.12556177789242273
"2026-07-27 00:00:00","2.Monday","The Return of Zombie  Father | द रिटर्न ऑफ़ ज़ॉम्बी फ़ादर","Overall","Overall","Overall","Overall",18.478279999999998,0.10978594392536811
"2026-07-27 00:00:00","2.Monday","Yakshini | यक्षिणी","Overall","Overall","Overall","Overall",12.68367,0.31653370202218345
"2026-07-27 00:00:00","2.Monday","Zombie Ka Aatank | ज़ॉम्बी का आतंक","Overall","Overall","Overall","Overall",0.01252,
"2026-07-27 00:00:00","2.Monday","Zombie Pralay","Overall","Overall","Overall","Overall",14.14251,-0.5253187754458155
"2026-07-26 00:00:00","1.Sunday","Ameerzada Commander","Overall","Overall","Overall","Overall",16.34165,-0.3391214357006629
"2026-07-26 00:00:00","1.Sunday","Commander Vikram Chauhan । कमांडर विक्रम चौहान","Overall","Overall","Overall","Overall",11.893030000000001,-0.4910655331174586
"2026-07-26 00:00:00","1.Sunday","Detective Vikrant","Overall","Overall","Overall","Overall",23.634100000000004,0.14021761207581562
"2026-07-26 00:00:00","1.Sunday","Earth's Last Stand","Overall","Overall","Overall","Overall",22.459850000000007,-0.15077028598738917
"2026-07-26 00:00:00","1.Sunday","Gangster Billionaire | गैंगस्टर बिलिनेर","Overall","Overall","Overall","Overall",3.63963,0.35867925936986733
"2026-07-26 00:00:00","1.Sunday","Secret Fauji | सीक्रेट फौजी","Overall","Overall","Overall","Overall",79.01691000000002,-0.11162694427742603
"2026-07-26 00:00:00","1.Sunday","Shiva : Ek Pretyodha","Overall","Overall","Overall","Overall",296.2369699999999,0.20403609023729863
"2026-07-26 00:00:00","1.Sunday","The Return of Zombie  Father | द रिटर्न ऑफ़ ज़ॉम्बी फ़ादर","Overall","Overall","Overall","Overall",34.64846999999999,1.5791414541045135
"2026-07-26 00:00:00","1.Sunday","Yakshini | यक्षिणी","Overall","Overall","Overall","Overall",8.677340000000003,-0.25019917289243954
"2026-07-26 00:00:00","1.Sunday","Zombie Pralay","Overall","Overall","Overall","Overall",6.454929999999999,-0.6406709255927463
"2026-07-25 00:00:00","7.Saturday","Ameerzada Commander","Overall","Overall","Overall","Overall",21.70962,-0.027732283570358396
"2026-07-25 00:00:00","7.Saturday","Commander Vikram Chauhan । कमांडर विक्रम चौहान","Overall","Overall","Overall","Overall",13.61558,-0.5285568463856758
"2026-07-25 00:00:00","7.Saturday","Detective Vikrant","Overall","Overall","Overall","Overall",11.33046,-0.36930013526376415
"2026-07-25 00:00:00","7.Saturday","Earth's Last Stand","Overall","Overall","Overall","Overall",9.994960000000004,-0.7107536409881237
"2026-07-25 00:00:00","7.Saturday","Gangster Billionaire | गैंगस्टर बिलिनेर","Overall","Overall","Overall","Overall",5.63016,0.0023411031847904162
"2026-07-25 00:00:00","7.Saturday","Secret Fauji | सीक्रेट फौजी","Overall","Overall","Overall","Overall",78.11170000000004,-0.17181984043644982
"2026-07-25 00:00:00","7.Saturday","Shiva : Ek Pretyodha","Overall","Overall","Overall","Overall",302.05587999999995,0.26077504454470857
"2026-07-25 00:00:00","7.Saturday","The Return of Zombie  Father | द रिटर्न ऑफ़ ज़ॉम्बी फ़ादर","Overall","Overall","Overall","Overall",29.640279999999986,1.4799140572315919
"2026-07-25 00:00:00","7.Saturday","Yakshini | यक्षिणी","Overall","Overall","Overall","Overall",14.347130000000002,0.13347590862119674
"2026-07-25 00:00:00","7.Saturday","Zombie Pralay","Overall","Overall","Overall","Overall",16.11427,0.07497838605179918
"2026-07-24 00:00:00","6.Friday","Ameerzada Commander","Overall","Overall","Overall","Overall",22.255429999999993,-0.35255819663523
"2026-07-24 00:00:00","6.Friday","Commander Vikram Chauhan । कमांडर विक्रम चौहान","Overall","Overall","Overall","Overall",20.050269999999998,-0.28582297553130687
"2026-07-24 00:00:00","6.Friday","Detective Vikrant","Overall","Overall","Overall","Overall",14.18485,-0.0830624293381752
"2026-07-24 00:00:00","6.Friday","Earth's Last Stand","Overall","Overall","Overall","Overall",10.846990000000003,-0.4163593856352281
"2026-07-24 00:00:00","6.Friday","Gangster Billionaire | गैंगस्टर बिलिनेर","Overall","Overall","Overall","Overall",4.244439999999999,13.084751949560308
"2026-07-24 00:00:00","6.Friday","Secret Fauji | सीक्रेट फौजी","Overall","Overall","Overall","Overall",99.02439000000003,-0.06920924267521222
"2026-07-24 00:00:00","6.Friday","Shiva : Ek Pretyodha","Overall","Overall","Overall","Overall",307.55068,0.5079411767445818
"2026-07-24 00:00:00","6.Friday","The Return of Zombie  Father | द रिटर्न ऑफ़ ज़ॉम्बी फ़ादर","Overall","Overall","Overall","Overall",18.596600000000002,-0.1672439557053994
"2026-07-24 00:00:00","6.Friday","Yakshini | यक्षिणी","Overall","Overall","Overall","Overall",9.738519999999998,-0.15388585280241907
"2026-07-24 00:00:00","6.Friday","Zombie Pralay","Overall","Overall","Overall","Overall",12.850109999999999,-0.5739377463721191
"2026-07-23 00:00:00","5.Thursday","Ameerzada Commander","Overall","Overall","Overall","Overall",20.30998,-0.4298064680953806
"2026-07-23 00:00:00","5.Thursday","Commander Vikram Chauhan । कमांडर विक्रम चौहान","Overall","Overall","Overall","Overall",17.285239999999998,-0.46155926036682615
"2026-07-23 00:00:00","5.Thursday","Detective Vikrant","Overall","Overall","Overall","Overall",15.046970000000005,-0.15043395876996446
"2026-07-23 00:00:00","5.Thursday","Earth's Last Stand","Overall","Overall","Overall","Overall",4.167529999999999,-0.7812096251322315
"2026-07-23 00:00:00","5.Thursday","Gangster Billionaire | गैंगस्टर बिलिनेर","Overall","Overall","Overall","Overall",3.00127,22.52092476489028
"2026-07-23 00:00:00","5.Thursday","Secret Fauji | सीक्रेट फौजी","Overall","Overall","Overall","Overall",93.26204000000001,-0.2921839033875685
"2026-07-23 00:00:00","5.Thursday","Shiva : Ek Pretyodha","Overall","Overall","Overall","Overall",262.31289,0.3593128982453755
"2026-07-23 00:00:00","5.Thursday","The Return of Zombie  Father | द रिटर्न ऑफ़ ज़ॉम्बी फ़ादर","Overall","Overall","Overall","Overall",13.073729999999998,-0.4552167593686819
"2026-07-23 00:00:00","5.Thursday","Yakshini | यक्षिणी","Overall","Overall","Overall","Overall",13.034750000000003,0.2106046731072504
"2026-07-23 00:00:00","5.Thursday","Zombie Pralay","Overall","Overall","Overall","Overall",8.849839999999995,
"2026-07-22 00:00:00","4.Wednesday","Ameerzada Commander","Overall","Overall","Overall","Overall",15.936410000000002,-0.274136636072422
"2026-07-22 00:00:00","4.Wednesday","Commander Vikram Chauhan । कमांडर विक्रम चौहान","Overall","Overall","Overall","Overall",25.534589999999998,-0.021170053111050247
"2026-07-22 00:00:00","4.Wednesday","Detective Vikrant","Overall","Overall","Overall","Overall",10.826279999999999,-0.17513680062537462
"2026-07-22 00:00:00","4.Wednesday","Earth's Last Stand","Overall","Overall","Overall","Overall",7.192950000000001,-0.6634324513639432
"2026-07-22 00:00:00","4.Wednesday","Gangster Billionaire | गैंगस्टर बिलिनेर","Overall","Overall","Overall","Overall",5.28857,5.977649651023182
"2026-07-22 00:00:00","4.Wednesday","Secret Fauji | सीक्रेट फौजी","Overall","Overall","Overall","Overall",101.65946,0.019741420048126512
"2026-07-22 00:00:00","4.Wednesday","Shiva : Ek Pretyodha","Overall","Overall","Overall","Overall",243.21852000000007,0.22826067140645523
"2026-07-22 00:00:00","4.Wednesday","The Return of Zombie  Father | द रिटर्न ऑफ़ ज़ॉम्बी फ़ादर","Overall","Overall","Overall","Overall",19.045580000000008,-0.0650401954200387
"2026-07-22 00:00:00","4.Wednesday","Yakshini | यक्षिणी","Overall","Overall","Overall","Overall",9.378519999999998,-0.25590982552378194
"2026-07-22 00:00:00","4.Wednesday","Zombie Pralay","Overall","Overall","Overall","Overall",9.4009,
"2026-07-21 00:00:00","3.Tuesday","Ameerzada Commander","Overall","Overall","Overall","Overall",31.19081000000002,0.5575172850467258
"2026-07-21 00:00:00","3.Tuesday","Commander Vikram Chauhan । कमांडर विक्रम चौहान","Overall","Overall","Overall","Overall",26.584160000000004,-0.2829837234724586
"2026-07-21 00:00:00","3.Tuesday","Detective Vikrant","Overall","Overall","Overall","Overall",6.669379999999999,-0.636071653075835
"2026-07-21 00:00:00","3.Tuesday","Earth's Last Stand","Overall","Overall","Overall","Overall",14.45969,-0.4788664272860721
"2026-07-21 00:00:00","3.Tuesday","Gangster Billionaire | गैंगस्टर बिलिनेर","Overall","Overall","Overall","Overall",2.3033900000000003,2.0607800146169692
"2026-07-21 00:00:00","3.Tuesday","Secret Fauji | सीक्रेट फौजी","Overall","Overall","Overall","Overall",123.64758999999994,0.1217561427892293
"2026-07-21 00:00:00","3.Tuesday","Shiva : Ek Pretyodha","Overall","Overall","Overall","Overall",251.63249000000002,0.20167019185893298
"2026-07-21 00:00:00","3.Tuesday","The Return of Zombie  Father | द रिटर्न ऑफ़ ज़ॉम्बी फ़ादर","Overall","Overall","Overall","Overall",13.747139999999998,-0.46380893429454384
"2026-07-21 00:00:00","3.Tuesday","Yakshini | यक्षिणी","Overall","Overall","Overall","Overall",11.315159999999999,-0.46864310790783137
"2026-07-21 00:00:00","3.Tuesday","Zombie Pralay","Overall","Overall","Overall","Overall",12.739060000000007,
"2026-07-20 00:00:00","2.Monday","Ameerzada Commander","Overall","Overall","Overall","Overall",29.543780000000005,0.06810909226320172
"2026-07-20 00:00:00","2.Monday","Commander Vikram Chauhan । कमांडर विक्रम चौहान","Overall","Overall","Overall","Overall",21.577569999999998,-0.30524943484788636
"2026-07-20 00:00:00","2.Monday","Detective Vikrant","Overall","Overall","Overall","Overall",14.92134,0.04187660596581422
"2026-07-20 00:00:00","2.Monday","Earth's Last Stand","Overall","Overall","Overall","Overall",16.70155,-0.5617917329056257
"2026-07-20 00:00:00","2.Monday","Secret Fauji | सीक्रेट फौजी","Overall","Overall","Overall","Overall",108.47729999999997,0.08019696161152501
"2026-07-20 00:00:00","2.Monday","Shiva : Ek Pretyodha","Overall","Overall","Overall","Overall",275.9431300000003,0.2752495648584896
"2026-07-20 00:00:00","2.Monday","The Return of Zombie  Father | द रिटर्न ऑफ़ ज़ॉम्बी फ़ादर","Overall","Overall","Overall","Overall",16.65031,-0.483136276887278
"2026-07-20 00:00:00","2.Monday","Yakshini | यक्षिणी","Overall","Overall","Overall","Overall",9.63414,-0.4836107487160136
"2026-07-20 00:00:00","2.Monday","Zombie Pralay","Overall","Overall","Overall","Overall",29.79369999999999,
"2026-07-19 00:00:00","1.Sunday","Ameerzada Commander","Overall","Overall","Overall","Overall",24.72716000000001,-0.04724408842035488
"2026-07-19 00:00:00","1.Sunday","Commander Vikram Chauhan । कमांडर विक्रम चौहान","Overall","Overall","Overall","Overall",23.36849,0.33846511603930773
"2026-07-19 00:00:00","1.Sunday","Detective Vikrant","Overall","Overall","Overall","Overall",20.72771,0.49861003565104856
"2026-07-19 00:00:00","1.Sunday","Earth's Last Stand","Overall","Overall","Overall","Overall",26.447320000000005,-0.44040337357759163
"2026-07-19 00:00:00","1.Sunday","Secret Fauji | सीक्रेट फौजी","Overall","Overall","Overall","Overall",88.94564000000003,-0.17480821584327133
"2026-07-19 00:00:00","1.Sunday","Shiva : Ek Pretyodha","Overall","Overall","Overall","Overall",246.03662,0.24913592713848876
"2026-07-19 00:00:00","1.Sunday","The Return of Zombie  Father | द रिटर्न ऑफ़ ज़ॉम्बी फ़ादर","Overall","Overall","Overall","Overall",13.434110000000002,-0.5346957761708968
"2026-07-19 00:00:00","1.Sunday","Yakshini | यक्षिणी","Overall","Overall","Overall","Overall",11.57286,0.30749346414828316
"2026-07-19 00:00:00","1.Sunday","Zombie Pralay","Overall","Overall","Overall","Overall",17.963839999999998,
"2026-07-18 00:00:00","7.Saturday","Ameerzada Commander","Overall","Overall","Overall","Overall",22.32885,-0.20922285587601075
"2026-07-18 00:00:00","7.Saturday","Commander Vikram Chauhan । कमांडर विक्रम चौहान","Overall","Overall","Overall","Overall",28.880640000000003,0.28867167577596375
"2026-07-18 00:00:00","7.Saturday","Detective Vikrant","Overall","Overall","Overall","Overall",17.964899999999997,1.7041074363744744
"2026-07-18 00:00:00","7.Saturday","Earth's Last Stand","Overall","Overall","Overall","Overall",34.55517999999999,-0.4400022817904212
"2026-07-18 00:00:00","7.Saturday","Gangster Billionaire | गैंगस्टर बिलिनेर","Overall","Overall","Overall","Overall",2.049469999999999,20.754272370236695
"2026-07-18 00:00:00","7.Saturday","Secret Fauji | सीक्रेट फौजी","Overall","Overall","Overall","Overall",94.31728,-0.04377976615320722
"2026-07-18 00:00:00","7.Saturday","Shiva : Ek Pretyodha","Overall","Overall","Overall","Overall",239.57952000000006,0.26567032217444253
"2026-07-18 00:00:00","7.Saturday","The Return of Zombie  Father | द रिटर्न ऑफ़ ज़ॉम्बी फ़ादर","Overall","Overall","Overall","Overall",11.952139999999995,-0.6646193873090007
"2026-07-18 00:00:00","7.Saturday","Yakshini | यक्षिणी","Overall","Overall","Overall","Overall",12.657639999999997,-0.33165247263409203
"2026-07-18 00:00:00","7.Saturday","Zombie Pralay","Overall","Overall","Overall","Overall",14.990319999999995,
"2026-07-17 00:00:00","6.Friday","Ameerzada Commander","Overall","Overall","Overall","Overall",34.37441000000002,0.02511248099968011
"2026-07-17 00:00:00","6.Friday","Commander Vikram Chauhan । कमांडर विक्रम चौहान","Overall","Overall","Overall","Overall",28.074650000000002,0.43603319464719936
"2026-07-17 00:00:00","6.Friday","Detective Vikrant","Overall","Overall","Overall","Overall",15.469809999999997,0.23545092915516252
"2026-07-17 00:00:00","6.Friday","Earth's Last Stand","Overall","Overall","Overall","Overall",18.58505,-0.6928290443281948
"2026-07-17 00:00:00","6.Friday","Gangster Billionaire | गैंगस्टर बिलिनेर","Overall","Overall","Overall","Overall",2.6787999999999994,4.821200399843538
"2026-07-17 00:00:00","6.Friday","Secret Fauji | सीक्रेट फौजी","Overall","Overall","Overall","Overall",106.38738000000005,0.09126465188887645
"2026-07-17 00:00:00","6.Friday","Shiva : Ek Pretyodha","Overall","Overall","Overall","Overall",203.95403000000016,0.08090826722937505
"2026-07-17 00:00:00","6.Friday","The Return of Zombie  Father | द रिटर्न ऑफ़ ज़ॉम्बी फ़ादर","Overall","Overall","Overall","Overall",22.331390000000003,-0.24915707745607507
"2026-07-17 00:00:00","6.Friday","Yakshini | यक्षिणी","Overall","Overall","Overall","Overall",11.5097,-0.10164198524344126
"2026-07-17 00:00:00","6.Friday","Zombie Pralay","Overall","Overall","Overall","Overall",30.160169999999987,
"2026-07-16 00:00:00","5.Thursday","Ameerzada Commander","Overall","Overall","Overall","Overall",35.61945000000001,-0.19533708487043144
"2026-07-16 00:00:00","5.Thursday","Apocalypse Meltdown","Overall","Overall","Overall","Overall",22.00715,0.5214426056333161
"2026-07-16 00:00:00","5.Thursday","Commander Vikram Chauhan । कमांडर विक्रम चौहान","Overall","Overall","Overall","Overall",32.102399999999996,0.2528445445430989
"2026-07-16 00:00:00","5.Thursday","Detective Vikrant","Overall","Overall","Overall","Overall",17.711360000000003,0.10743481267593502
"2026-07-16 00:00:00","5.Thursday","Earth's Last Stand","Overall","Overall","Overall","Overall",19.048050000000003,-0.7350816949831436
"2026-07-16 00:00:00","5.Thursday","Gangster Billionaire | गैंगस्टर बिलिनेर","Overall","Overall","Overall","Overall",5.6170100000000005,0.6911471599496604
"2026-07-16 00:00:00","5.Thursday","Secret Fauji | सीक्रेट फौजी","Overall","Overall","Overall","Overall",131.76026999999993,0.2776447439271019
"2026-07-16 00:00:00","5.Thursday","Shiva : Ek Pretyodha","Overall","Overall","Overall","Overall",192.97462,-0.07396979266479964
"2026-07-16 00:00:00","5.Thursday","The Return of Zombie  Father | द रिटर्न ऑफ़ ज़ॉम्बी फ़ादर","Overall","Overall","Overall","Overall",23.99804,-0.28267852974153096
"2026-07-16 00:00:00","5.Thursday","Yakshini | यक्षिणी","Overall","Overall","Overall","Overall",10.767140000000001,-0.025619353063824346
"2026-07-15 00:00:00","4.Wednesday","Ameerzada Commander","Overall","Overall","Overall","Overall",21.955109999999994,-0.5193517158762225
"2026-07-15 00:00:00","4.Wednesday","Apocalypse Meltdown","Overall","Overall","Overall","Overall",33.33776000000002,0.6408437082409462
"2026-07-15 00:00:00","4.Wednesday","Commander Vikram Chauhan । कमांडर विक्रम चौहान","Overall","Overall","Overall","Overall",26.08685,0.10719483422116238
"2026-07-15 00:00:00","4.Wednesday","Detective Vikrant","Overall","Overall","Overall","Overall",13.124940000000004,-0.14653354479890246
"2026-07-15 00:00:00","4.Wednesday","Dhurandhar Detective | धुरंधर डिटेक्टिव","Overall","Overall","Overall","Overall",0.02951,
"2026-07-15 00:00:00","4.Wednesday","Earth's Last Stand","Overall","Overall","Overall","Overall",21.37149,-0.6036180086207537
"2026-07-15 00:00:00","4.Wednesday","Gangster Billionaire | गैंगस्टर बिलिनेर","Overall","Overall","Overall","Overall",0.30135,-0.8769954814666662
"2026-07-15 00:00:00","4.Wednesday","Secret Fauji | सीक्रेट फौजी","Overall","Overall","Overall","Overall",99.69140999999999,0.11236365397309833
"2026-07-15 00:00:00","4.Wednesday","Shiva : Ek Pretyodha","Overall","Overall","Overall","Overall",198.01865000000015,-0.025098445936657554
"2026-07-15 00:00:00","4.Wednesday","The Return of Zombie  Father | द रिटर्न ऑफ़ ज़ॉम्बी फ़ादर","Overall","Overall","Overall","Overall",20.370479999999997,-0.3996932230586637
"2026-07-15 00:00:00","4.Wednesday","Yakshini | यक्षिणी","Overall","Overall","Overall","Overall",12.60401,-0.1204410073468658
"2026-07-14 00:00:00","3.Tuesday","Ameerzada Commander","Overall","Overall","Overall","Overall",20.025979999999993,-0.4735761292586662
"2026-07-14 00:00:00","3.Tuesday","Apocalypse Meltdown","Overall","Overall","Overall","Overall",36.58703000000001,0.5240779288186592
"2026-07-14 00:00:00","3.Tuesday","Commander Vikram Chauhan । कमांडर विक्रम चौहान","Overall","Overall","Overall","Overall",37.076089999999986,0.4540156319242634
"2026-07-14 00:00:00","3.Tuesday","Detective Vikrant","Overall","Overall","Overall","Overall",18.326079999999997,0.7887129833876658
"2026-07-14 00:00:00","3.Tuesday","Earth's Last Stand","Overall","Overall","Overall","Overall",27.74661,7.039675939742876
"2026-07-14 00:00:00","3.Tuesday","Gangster Billionaire | गैंगस्टर बिलिनेर","Overall","Overall","Overall","Overall",0.1276,-0.9206492335437331
"2026-07-14 00:00:00","3.Tuesday","Secret Fauji | सीक्रेट फौजी","Overall","Overall","Overall","Overall",110.2268000000001,0.16427778406250515
"2026-07-14 00:00:00","3.Tuesday","Shiva : Ek Pretyodha","Overall","Overall","Overall","Overall",209.40229000000008,0.1920388274792577
"2026-07-14 00:00:00","3.Tuesday","The Return of Zombie  Father | द रिटर्न ऑफ़ ज़ॉम्बी फ़ादर","Overall","Overall","Overall","Overall",25.638510000000004,-0.20622751324553246
"2026-07-14 00:00:00","3.Tuesday","Yakshini | यक्षिणी","Overall","Overall","Overall","Overall",21.294840000000004,1.6737229879125977
"2026-07-13 00:00:00","2.Monday","Ameerzada Commander","Overall","Overall","Overall","Overall",27.659889999999997,-0.01911701030214963
"2026-07-13 00:00:00","2.Monday","Apocalypse Meltdown","Overall","Overall","Overall","Overall",33.11923,0.6707863876173283
"2026-07-13 00:00:00","2.Monday","Commander Vikram Chauhan । कमांडर विक्रम चौहान","Overall","Overall","Overall","Overall",31.058010000000003,-0.018665508116434526
"2026-07-13 00:00:00","2.Monday","Detective Vikrant","Overall","Overall","Overall","Overall",14.321599999999997,0.8584853998022339
"2026-07-13 00:00:00","2.Monday","Earth's Last Stand","Overall","Overall","Overall","Overall",38.11326999999999,599.9660990223903
"2026-07-13 00:00:00","2.Monday","Gangster Billionaire | गैंगस्टर बिलिनेर","Overall","Overall","Overall","Overall",0.75793,-0.08644609172542628
"2026-07-13 00:00:00","2.Monday","Secret Fauji | सीक्रेट फौजी","Overall","Overall","Overall","Overall",100.42362999999999,0.0714221852552368
"2026-07-13 00:00:00","2.Monday","Shiva : Ek Pretyodha","Overall","Overall","Overall","Overall",216.3836299999999,0.32822189072817354
"2026-07-13 00:00:00","2.Monday","The Return of Zombie  Father | द रिटर्न ऑफ़ ज़ॉम्बी फ़ादर","Overall","Overall","Overall","Overall",32.21412,-0.1716552562050413
"2026-07-13 00:00:00","2.Monday","Yakshini | यक्षिणी","Overall","Overall","Overall","Overall",18.65674,0.046838791200528807
"2026-07-12 00:00:00","1.Sunday","Ameerzada Commander","Overall","Overall","Overall","Overall",25.953300000000006,-0.14571886763387265
"2026-07-12 00:00:00","1.Sunday","Apocalypse Meltdown","Overall","Overall","Overall","Overall",32.155089999999994,4.516522070315515
"2026-07-12 00:00:00","1.Sunday","Commander Vikram Chauhan । कमांडर विक्रम चौहान","Overall","Overall","Overall","Overall",17.45917,-0.2002260178936176
"2026-07-12 00:00:00","1.Sunday","Detective Vikrant","Overall","Overall","Overall","Overall",13.831290000000005,0.9323462475044606
"2026-07-12 00:00:00","1.Sunday","Earth's Last Stand","Overall","Overall","Overall","Overall",47.26139999999999,25.013110747841015
"2026-07-12 00:00:00","1.Sunday","Gangster Billionaire | गैंगस्टर बिलिनेर","Overall","Overall","Overall","Overall",0.75255,-0.5403769574670805
"2026-07-12 00:00:00","1.Sunday","Secret Fauji | सीक्रेट फौजी","Overall","Overall","Overall","Overall",107.78784000000003,0.021859548615144275
"2026-07-12 00:00:00","1.Sunday","Shiva : Ek Pretyodha","Overall","Overall","Overall","Overall",196.9654500000003,0.08321901168349499
"2026-07-12 00:00:00","1.Sunday","The Return of Zombie  Father | द रिटर्न ऑफ़ ज़ॉम्बी फ़ादर","Overall","Overall","Overall","Overall",28.87167,-0.04587940904124854
"2026-07-12 00:00:00","1.Sunday","Yakshini | यक्षिणी","Overall","Overall","Overall","Overall",8.85118,-0.1689118703938267
"2026-07-11 00:00:00","7.Saturday","Ameerzada Commander","Overall","Overall","Overall","Overall",28.236590000000007,-0.018922762455087505
"2026-07-11 00:00:00","7.Saturday","Apocalypse Meltdown","Overall","Overall","Overall","Overall",19.895989999999994,1.134577359692989
"2026-07-11 00:00:00","7.Saturday","Commander Vikram Chauhan । कमांडर विक्रम चौहान","Overall","Overall","Overall","Overall",22.41117,-0.3260625463101069
"2026-07-11 00:00:00","7.Saturday","Detective Vikrant","Overall","Overall","Overall","Overall",6.643559999999997,-0.21752280805896562
"2026-07-11 00:00:00","7.Saturday","Earth's Last Stand","Overall","Overall","Overall","Overall",61.70593,161.93715507908428
"2026-07-11 00:00:00","7.Saturday","Gangster Billionaire | गैंगस्टर बिलिनेर","Overall","Overall","Overall","Overall",0.09421,-0.8941353620028991
"2026-07-11 00:00:00","7.Saturday","Secret Fauji | सीक्रेट फौजी","Overall","Overall","Overall","Overall",98.63551999999999,-0.10568704243600735
"2026-07-11 00:00:00","7.Saturday","Shiva : Ek Pretyodha","Overall","Overall","Overall","Overall",189.29062000000008,-0.10973457770356299
"2026-07-11 00:00:00","7.Saturday","The Return of Zombie  Father | द रिटर्न ऑफ़ ज़ॉम्बी फ़ादर","Overall","Overall","Overall","Overall",35.63754000000001,0.1166496943414792
"2026-07-11 00:00:00","7.Saturday","Yakshini | यक्षिणी","Overall","Overall","Overall","Overall",18.938710000000004,1.3024639501252828
"2026-07-10 00:00:00","6.Friday","Ameerzada Commander","Overall","Overall","Overall","Overall",33.532330000000016,-0.020714551264060743
"2026-07-10 00:00:00","6.Friday","Apocalypse Meltdown","Overall","Overall","Overall","Overall",25.393689999999996,2.97742796951969
"2026-07-10 00:00:00","6.Friday","Commander Vikram Chauhan । कमांडर विक्रम चौहान","Overall","Overall","Overall","Overall",19.550140000000003,-0.4067364517631634
"2026-07-10 00:00:00","6.Friday","Detective Vikrant","Overall","Overall","Overall","Overall",12.521590000000005,-0.08616407694221984
"2026-07-10 00:00:00","6.Friday","Earth's Last Stand","Overall","Overall","Overall","Overall",60.50392999999999,30.546968037958173
"2026-07-10 00:00:00","6.Friday","Gangster Billionaire | गैंगस्टर बिलिनेर","Overall","Overall","Overall","Overall",0.46018000000000003,-0.5969449869934222
"2026-07-10 00:00:00","6.Friday","Secret Fauji | सीक्रेट फौजी","Overall","Overall","Overall","Overall",97.48999,-0.23233332973739707
"2026-07-10 00:00:00","6.Friday","Shiva : Ek Pretyodha","Overall","Overall","Overall","Overall",188.68764000000004,-0.00680506791040103
"2026-07-10 00:00:00","6.Friday","The Return of Zombie  Father | द रिटर्न ऑफ़ ज़ॉम्बी फ़ादर","Overall","Overall","Overall","Overall",29.741759999999996,-0.029847547639527572
"2026-07-10 00:00:00","6.Friday","Yakshini | यक्षिणी","Overall","Overall","Overall","Overall",12.811930000000004,-0.2158532905636863
"2026-07-09 00:00:00","5.Thursday","Ameerzada Commander","Overall","Overall","Overall","Overall",44.26629999999999,0.28183499287938596
"2026-07-09 00:00:00","5.Thursday","Apocalypse Meltdown","Overall","Overall","Overall","Overall",14.464659999999999,0.8260070416223246
"2026-07-09 00:00:00","5.Thursday","Commander Vikram Chauhan । कमांडर विक्रम चौहान","Overall","Overall","Overall","Overall",25.623610000000003,-0.31113439267120147
"2026-07-09 00:00:00","5.Thursday","Detective Vikrant","Overall","Overall","Overall","Overall",15.993139999999999,0.18159351558857972
"2026-07-09 00:00:00","5.Thursday","Earth's Last Stand","Overall","Overall","Overall","Overall",71.9016,164.05957163517826
"2026-07-09 00:00:00","5.Thursday","Gangster Billionaire | गैंगस्टर बिलिनेर","Overall","Overall","Overall","Overall",3.32142,0.7143432278843629
"2026-07-09 00:00:00","5.Thursday","Secret Fauji | सीक्रेट फौजी","Overall","Overall","Overall","Overall",103.12747000000003,-0.044571601262422655
"2026-07-09 00:00:00","5.Thursday","Shiva : Ek Pretyodha","Overall","Overall","Overall","Overall",208.38912000000005,0.1649471246273404
"2026-07-09 00:00:00","5.Thursday","The Return of Zombie  Father | द रिटर्न ऑफ़ ज़ॉम्बी फ़ादर","Overall","Overall","Overall","Overall",33.45507,0.4215699147059835
"2026-07-09 00:00:00","5.Thursday","Yakshini | यक्षिणी","Overall","Overall","Overall","Overall",11.050239999999995,-0.34740968611973555
"2026-07-08 00:00:00","4.Wednesday","Ameerzada Commander","Overall","Overall","Overall","Overall",45.678119999999986,0.45615480251203344
"2026-07-08 00:00:00","4.Wednesday","Apocalypse Meltdown","Overall","Overall","Overall","Overall",20.317450000000004,1.8670843652322398
"2026-07-08 00:00:00","4.Wednesday","Commander Vikram Chauhan । कमांडर विक्रम चौहान","Overall","Overall","Overall","Overall",23.561210000000006,-0.2101510491779759
"2026-07-08 00:00:00","4.Wednesday","Detective Vikrant","Overall","Overall","Overall","Overall",15.378389999999998,-0.08641255821165261
"2026-07-08 00:00:00","4.Wednesday","Earth's Last Stand","Overall","Overall","Overall","Overall",53.9164,249.2617898254735
"2026-07-08 00:00:00","4.Wednesday","Gangster Billionaire | गैंगस्टर बिलिनेर","Overall","Overall","Overall","Overall",2.449910000000001,0.5491150750241867
"2026-07-08 00:00:00","4.Wednesday","Secret Fauji | सीक्रेट फौजी","Overall","Overall","Overall","Overall",89.62123999999999,-0.07004280109775385
"2026-07-08 00:00:00","4.Wednesday","Shiva : Ek Pretyodha","Overall","Overall","Overall","Overall",203.11656000000002,0.05237046160790548
"2026-07-08 00:00:00","4.Wednesday","The Return of Zombie  Father | द रिटर्न ऑफ़ ज़ॉम्बी फ़ादर","Overall","Overall","Overall","Overall",33.933450000000015,0.9812041203454769
"2026-07-08 00:00:00","4.Wednesday","Yakshini | यक्षिणी","Overall","Overall","Overall","Overall",14.32992,1.093043840238372
"2026-07-07 00:00:00","3.Tuesday","Ameerzada Commander","Overall","Overall","Overall","Overall",38.041550000000015,-0.1888141517589259
"2026-07-07 00:00:00","3.Tuesday","Apocalypse Meltdown","Overall","Overall","Overall","Overall",24.006009999999993,1.3753580697923171
"2026-07-07 00:00:00","3.Tuesday","Commander Vikram Chauhan । कमांडर विक्रम चौहान","Overall","Overall","Overall","Overall",25.499100000000002,-0.11094383093529603
"2026-07-07 00:00:00","3.Tuesday","Detective Vikrant","Overall","Overall","Overall","Overall",10.245400000000004,-0.3653442555521691
"2026-07-07 00:00:00","3.Tuesday","Earth's Last Stand","Overall","Overall","Overall","Overall",3.451209999999999,-0.41539991259481646
"2026-07-07 00:00:00","3.Tuesday","Secret Fauji | सीक्रेट फौजी","Overall","Overall","Overall","Overall",94.67397,0.1794951369512463
"2026-07-07 00:00:00","3.Tuesday","Shiva : Ek Pretyodha","Overall","Overall","Overall","Overall",175.66733999999997,-0.11188425755999298
"2026-07-07 00:00:00","3.Tuesday","The Return of Zombie  Father | द रिटर्न ऑफ़ ज़ॉम्बी फ़ादर","Overall","Overall","Overall","Overall",32.29957000000001,0.5732457954081074
"2026-07-07 00:00:00","3.Tuesday","Yakshini | यक्षिणी","Overall","Overall","Overall","Overall",7.96449,-0.33598760764317614
"2026-07-06 00:00:00","2.Monday","Ameerzada Commander","Overall","Overall","Overall","Overall",28.198970000000006,-0.02187744647965284
"2026-07-06 00:00:00","2.Monday","Apocalypse Meltdown","Overall","Overall","Overall","Overall",19.822540000000004,1.134747556985718
"2026-07-06 00:00:00","2.Monday","Commander Vikram Chauhan । कमांडर विक्रम चौहान","Overall","Overall","Overall","Overall",31.64875000000001,0.15644146896156652
"2026-07-06 00:00:00","2.Monday","Detective Vikrant","Overall","Overall","Overall","Overall",7.706059999999996,-0.5168420551044057
"2026-07-06 00:00:00","2.Monday","Earth's Last Stand","Overall","Overall","Overall","Overall",0.06342,-0.06542882404951367
"2026-07-06 00:00:00","2.Monday","Gangster Billionaire | गैंगस्टर बिलिनेर","Overall","Overall","Overall","Overall",1.60805,24.419696490673413
"2026-07-06 00:00:00","2.Monday","Secret Fauji | सीक्रेट फौजी","Overall","Overall","Overall","Overall",93.72928000000002,0.1399273033841375
"2026-07-06 00:00:00","2.Monday","Shiva : Ek Pretyodha","Overall","Overall","Overall","Overall",162.9122600000001,-0.12627066698395184
"2026-07-06 00:00:00","2.Monday","The Return of Zombie  Father | द रिटर्न ऑफ़ ज़ॉम्बी फ़ादर","Overall","Overall","Overall","Overall",38.88975000000001,0.7306778301815422
"2026-07-06 00:00:00","2.Monday","Yakshini | यक्षिणी","Overall","Overall","Overall","Overall",17.82198,0.691392225585018
"2026-07-05 00:00:00","1.Sunday","Ameerzada Commander","Overall","Overall","Overall","Overall",30.380279999999992,-0.07984385960448825
"2026-07-05 00:00:00","1.Sunday","Apocalypse Meltdown","Overall","Overall","Overall","Overall",5.828869999999999,-0.17189082751673956
"2026-07-05 00:00:00","1.Sunday","Commander Vikram Chauhan । कमांडर विक्रम चौहान","Overall","Overall","Overall","Overall",21.830129999999997,-0.27619244346758476
"2026-07-05 00:00:00","1.Sunday","Detective Vikrant","Overall","Overall","Overall","Overall",7.157770000000001,-0.360321690420782
"2026-07-05 00:00:00","1.Sunday","Earth's Last Stand","Overall","Overall","Overall","Overall",1.81683,1.082541465595305
"2026-07-05 00:00:00","1.Sunday","Gangster Billionaire | गैंगस्टर बिलिनेर","Overall","Overall","Overall","Overall",0.8296499999999999,-0.8863703287748157
"2026-07-05 00:00:00","1.Sunday","Secret Fauji | सीक्रेट फौजी","Overall","Overall","Overall","Overall",105.48204999999994,0.17819468518083692
"2026-07-05 00:00:00","1.Sunday","Shiva : Ek Pretyodha","Overall","Overall","Overall","Overall",181.83345000000008,0.03795854786286412
"2026-07-05 00:00:00","1.Sunday","The Return of Zombie  Father | द रिटर्न ऑफ़ ज़ॉम्बी फ़ादर","Overall","Overall","Overall","Overall",30.259980000000002,0.07078547793122403
"2026-07-05 00:00:00","1.Sunday","Yakshini | यक्षिणी","Overall","Overall","Overall","Overall",10.650109999999996,0.06415329244628776
"2026-07-04 00:00:00","7.Saturday","Ameerzada Commander","Overall","Overall","Overall","Overall",28.781209999999994,0.051716861075066456
"2026-07-04 00:00:00","7.Saturday","Apocalypse Meltdown","Overall","Overall","Overall","Overall",9.320809999999994,0.5184998134623175
"2026-07-04 00:00:00","7.Saturday","Commander Vikram Chauhan । कमांडर विक्रम चौहान","Overall","Overall","Overall","Overall",33.254079999999995,-0.08924745465625028
"2026-07-04 00:00:00","7.Saturday","Detective Vikrant","Overall","Overall","Overall","Overall",8.49042,-0.529295602707442
"2026-07-04 00:00:00","7.Saturday","Earth's Last Stand","Overall","Overall","Overall","Overall",0.37871,-0.6920756496568772
"2026-07-04 00:00:00","7.Saturday","Secret Fauji | सीक्रेट फौजी","Overall","Overall","Overall","Overall",110.29194999999999,0.34710357698593075
"2026-07-04 00:00:00","7.Saturday","Shiva : Ek Pretyodha","Overall","Overall","Overall","Overall",212.62267999999986,0.07445985726166127
"2026-07-04 00:00:00","7.Saturday","The Return of Zombie  Father | द रिटर्न ऑफ़ ज़ॉम्बी फ़ादर","Overall","Overall","Overall","Overall",31.9147,-0.03309034380982667
"2026-07-04 00:00:00","7.Saturday","Yakshini | यक्षिणी","Overall","Overall","Overall","Overall",8.22541,-0.41966275090838534
"2026-07-03 00:00:00","6.Friday","Ameerzada Commander","Overall","Overall","Overall","Overall",34.241630000000015,0.3819401451452382
"2026-07-03 00:00:00","6.Friday","Apocalypse Meltdown","Overall","Overall","Overall","Overall",6.384450000000003,1.6993734039134782
"2026-07-03 00:00:00","6.Friday","Commander Vikram Chauhan । कमांडर विक्रम चौहान","Overall","Overall","Overall","Overall",32.95354999999999,-0.0016350819449633125
"2026-07-03 00:00:00","6.Friday","Detective Vikrant","Overall","Overall","Overall","Overall",13.702229999999998,-0.21929820063277838
"2026-07-03 00:00:00","6.Friday","Earth's Last Stand","Overall","Overall","Overall","Overall",1.9179000000000004,
"2026-07-03 00:00:00","6.Friday","Gangster Billionaire | गैंगस्टर बिलिनेर","Overall","Overall","Overall","Overall",1.6373200000000003,-0.7911341863224095
"2026-07-03 00:00:00","6.Friday","Secret Fauji | सीक्रेट फौजी","Overall","Overall","Overall","Overall",126.99520999999999,0.2936925221038762
"2026-07-03 00:00:00","6.Friday","Shiva : Ek Pretyodha","Overall","Overall","Overall","Overall",189.98046999999994,-0.08001002020505676
"2026-07-03 00:00:00","6.Friday","The Return of Zombie  Father | द रिटर्न ऑफ़ ज़ॉम्बी फ़ादर","Overall","Overall","Overall","Overall",30.656789999999987,-0.01011525324781437
"2026-07-03 00:00:00","6.Friday","Yakshini | यक्षिणी","Overall","Overall","Overall","Overall",16.33869,0.987252105695259
"2026-07-02 00:00:00","5.Thursday","Ameerzada Commander","Overall","Overall","Overall","Overall",34.533539999999995,0.17999886556772537
"2026-07-02 00:00:00","5.Thursday","Apocalypse Meltdown","Overall","Overall","Overall","Overall",7.921470000000001,61.64012335916497
"2026-07-02 00:00:00","5.Thursday","Commander Vikram Chauhan । कमांडर विक्रम चौहान","Overall","Overall","Overall","Overall",37.19682,0.06645989337929814
"2026-07-02 00:00:00","5.Thursday","Detective Vikrant","Overall","Overall","Overall","Overall",13.53522999999999,0.48253627141070066
"2026-07-02 00:00:00","5.Thursday","Earth's Last Stand","Overall","Overall","Overall","Overall",0.43561,
"2026-07-02 00:00:00","5.Thursday","Gangster Billionaire | गैंगस्टर बिलिनेर","Overall","Overall","Overall","Overall",0.88991,-0.9072769916363723
"2026-07-02 00:00:00","5.Thursday","Secret Fauji | सीक्रेट फौजी","Overall","Overall","Overall","Overall",107.93845999999999,-0.05702922927856813
"2026-07-02 00:00:00","5.Thursday","Shiva : Ek Pretyodha","Overall","Overall","Overall","Overall",178.88289999999998,-0.022346197732740825
"2026-07-02 00:00:00","5.Thursday","The Return of Zombie  Father | द रिटर्न ऑफ़ ज़ॉम्बी फ़ादर","Overall","Overall","Overall","Overall",23.53389,-0.37721310160916033
"2026-07-02 00:00:00","5.Thursday","Yakshini | यक्षिणी","Overall","Overall","Overall","Overall",16.932890000000008,0.25625814703501826
"2026-07-01 00:00:00","4.Wednesday","Ameerzada Commander","Overall","Overall","Overall","Overall",31.369000000000007,0.7424095565073605
"2026-07-01 00:00:00","4.Wednesday","Apocalypse Meltdown","Overall","Overall","Overall","Overall",7.086449999999999,2.3961870803559897
"2026-07-01 00:00:00","4.Wednesday","Commander Vikram Chauhan । कमांडर विक्रम चौहान","Overall","Overall","Overall","Overall",29.83002000000001,0.31371930730089215
"2026-07-01 00:00:00","4.Wednesday","Detective Vikrant","Overall","Overall","Overall","Overall",16.83297,0.06675179740995474
"2026-07-01 00:00:00","4.Wednesday","Earth's Last Stand","Overall","Overall","Overall","Overall",0.21543999999999996,
"2026-07-01 00:00:00","4.Wednesday","Secret Fauji | सीक्रेट फौजी","Overall","Overall","Overall","Overall",96.37136000000002,-0.0625609419198696
"2026-07-01 00:00:00","4.Wednesday","Shiva : Ek Pretyodha","Overall","Overall","Overall","Overall",193.00860999999983,-0.07049347178413856
"2026-07-01 00:00:00","4.Wednesday","The Return of Zombie  Father | द रिटर्न ऑफ़ ज़ॉम्बी फ़ादर","Overall","Overall","Overall","Overall",17.127689999999998,-0.39316533355252714
"2026-07-01 00:00:00","4.Wednesday","Yakshini | यक्षिणी","Overall","Overall","Overall","Overall",6.846449999999999,-0.6412635119911554
"2026-06-30 00:00:00","3.Tuesday","Ameerzada Commander","Overall","Overall","Overall","Overall",46.89621999999999,0.21544123554765382
"2026-06-30 00:00:00","3.Tuesday","Apocalypse Meltdown","Overall","Overall","Overall","Overall",10.106269999999997,12.217203091691404
"2026-06-30 00:00:00","3.Tuesday","Commander Vikram Chauhan । कमांडर विक्रम चौहान","Overall","Overall","Overall","Overall",28.68109000000001,0.22525719597645666
"2026-06-30 00:00:00","3.Tuesday","Detective Vikrant","Overall","Overall","Overall","Overall",16.143240000000002,0.2633195157777599
"2026-06-30 00:00:00","3.Tuesday","Earth's Last Stand","Overall","Overall","Overall","Overall",5.903540000000003,
"2026-06-30 00:00:00","3.Tuesday","Secret Fauji | सीक्रेट फौजी","Overall","Overall","Overall","Overall",80.26652000000004,-0.2443556749023884
"2026-06-30 00:00:00","3.Tuesday","Shiva : Ek Pretyodha","Overall","Overall","Overall","Overall",197.79779999999994,0.16858372457888615
"2026-06-30 00:00:00","3.Tuesday","The Return of Zombie  Father | द रिटर्न ऑफ़ ज़ॉम्बी फ़ादर","Overall","Overall","Overall","Overall",20.53053,-0.5030057330790894
"2026-06-30 00:00:00","3.Tuesday","Yakshini | यक्षिणी","Overall","Overall","Overall","Overall",11.994489999999999,-0.4081792659038542
"2026-06-29 00:00:00","2.Monday","Ameerzada Commander","Overall","Overall","Overall","Overall",28.82968999999999,-0.205854045257165
"2026-06-29 00:00:00","2.Monday","Apocalypse Meltdown","Overall","Overall","Overall","Overall",9.28566,23.475881701723864
"2026-06-29 00:00:00","2.Monday","Commander Vikram Chauhan । कमांडर विक्रम चौहान","Overall","Overall","Overall","Overall",27.367359999999994,0.18105962099735606
"2026-06-29 00:00:00","2.Monday","Detective Vikrant","Overall","Overall","Overall","Overall",15.949360000000002,0.8912404189117404
"2026-06-29 00:00:00","2.Monday","Secret Fauji | सीक्रेट फौजी","Overall","Overall","Overall","Overall",82.22391,-0.2562864863134098
"2026-06-29 00:00:00","2.Monday","Shiva : Ek Pretyodha","Overall","Overall","Overall","Overall",186.45620999999986,-0.0004906518835349205
"2026-06-29 00:00:00","2.Monday","The Return of Zombie  Father | द रिटर्न ऑफ़ ज़ॉम्बी फ़ादर","Overall","Overall","Overall","Overall",22.470820000000003,-0.4335616229442778
"2026-06-29 00:00:00","2.Monday","Yakshini | यक्षिणी","Overall","Overall","Overall","Overall",10.536869999999995,-0.41728651364142666
"2026-06-28 00:00:00","1.Sunday","Ameerzada Commander","Overall","Overall","Overall","Overall",33.01644,0.12200522797988755
"2026-06-28 00:00:00","1.Sunday","Apocalypse Meltdown","Overall","Overall","Overall","Overall",7.03877,5.228503924466193
"2026-06-28 00:00:00","1.Sunday","Commander Vikram Chauhan । कमांडर विक्रम चौहान","Overall","Overall","Overall","Overall",30.160130000000006,-0.11242125200447395
"2026-06-28 00:00:00","1.Sunday","Detective Vikrant","Overall","Overall","Overall","Overall",11.18964,1.2028151268775709
"2026-06-28 00:00:00","1.Sunday","Secret Fauji | सीक्रेट फौजी","Overall","Overall","Overall","Overall",89.52853999999998,-0.07190495521477025
"2026-06-28 00:00:00","1.Sunday","Shiva : Ek Pretyodha","Overall","Overall","Overall","Overall",175.18373000000003,-0.1278915916361416
"2026-06-28 00:00:00","1.Sunday","The Return of Zombie  Father | द रिटर्न ऑफ़ ज़ॉम्बी फ़ादर","Overall","Overall","Overall","Overall",28.259610000000002,-0.308985537156233
"2026-06-28 00:00:00","1.Sunday","Yakshini | यक्षिणी","Overall","Overall","Overall","Overall",10.008060000000002,-0.416942813199105
"2026-06-27 00:00:00","7.Saturday","Ameerzada Commander","Overall","Overall","Overall","Overall",27.36593,0.06302578949269777
"2026-06-27 00:00:00","7.Saturday","Apocalypse Meltdown","Overall","Overall","Overall","Overall",6.138170000000001,1.68937249713019
"2026-06-27 00:00:00","7.Saturday","Commander Vikram Chauhan । कमांडर विक्रम चौहान","Overall","Overall","Overall","Overall",36.51275,0.12970974741394548
"2026-06-27 00:00:00","7.Saturday","Detective Vikrant","Overall","Overall","Overall","Overall",18.037689999999998,3.3811639260644624
"2026-06-27 00:00:00","7.Saturday","Earth's Last Stand","Overall","Overall","Overall","Overall",0.06786,
"2026-06-27 00:00:00","7.Saturday","Secret Fauji | सीक्रेट फौजी","Overall","Overall","Overall","Overall",81.87340000000006,-0.24277479742500407
"2026-06-27 00:00:00","7.Saturday","Shiva : Ek Pretyodha","Overall","Overall","Overall","Overall",197.88796999999994,0.02155445747979101
"2026-06-27 00:00:00","7.Saturday","The Return of Zombie  Father | द रिटर्न ऑफ़ ज़ॉम्बी फ़ादर","Overall","Overall","Overall","Overall",33.006910000000005,-0.37967850017365357
"2026-06-27 00:00:00","7.Saturday","Yakshini | यक्षिणी","Overall","Overall","Overall","Overall",14.1735,0.02379426889019043
"2026-06-26 00:00:00","6.Friday","Ameerzada Commander","Overall","Overall","Overall","Overall",24.777940000000008,0.12007496718151667
"2026-06-26 00:00:00","6.Friday","Apocalypse Meltdown","Overall","Overall","Overall","Overall",2.3651600000000004,3.587199379363849
"2026-06-26 00:00:00","6.Friday","Commander Vikram Chauhan । कमांडर विक्रम चौहान","Overall","Overall","Overall","Overall",33.00752000000001,0.2746519448301863
"2026-06-26 00:00:00","6.Friday","Detective Vikrant","Overall","Overall","Overall","Overall",17.55117,3.797603818146033
"2026-06-26 00:00:00","6.Friday","Secret Fauji | सीक्रेट फौजी","Overall","Overall","Overall","Overall",98.16490999999998,-0.01075986691475761
"2026-06-26 00:00:00","6.Friday","Shiva : Ek Pretyodha","Overall","Overall","Overall","Overall",206.5027599999999,0.052548856982897796
"2026-06-26 00:00:00","6.Friday","The Return of Zombie  Father | द रिटर्न ऑफ़ ज़ॉम्बी फ़ादर","Overall","Overall","Overall","Overall",30.970059999999993,-0.41674289296847944
"2026-06-26 00:00:00","6.Friday","Yakshini | यक्षिणी","Overall","Overall","Overall","Overall",8.221750000000002,-0.5585938569557941
"2026-06-25 00:00:00","5.Thursday","Ameerzada Commander","Overall","Overall","Overall","Overall",29.265739999999994,-0.14507353963615233
"2026-06-25 00:00:00","5.Thursday","Apocalypse Meltdown","Overall","Overall","Overall","Overall",0.12646,-0.8178859447004608
"2026-06-25 00:00:00","5.Thursday","Commander Vikram Chauhan । कमांडर विक्रम चौहान","Overall","Overall","Overall","Overall",34.878780000000006,0.09729005807220692
"2026-06-25 00:00:00","5.Thursday","Detective Vikrant","Overall","Overall","Overall","Overall",9.129780000000002,1.161810565896558
"2026-06-25 00:00:00","5.Thursday","Secret Fauji | सीक्रेट फौजी","Overall","Overall","Overall","Overall",114.46638999999999,-0.03642255773355263
"2026-06-25 00:00:00","5.Thursday","Shiva : Ek Pretyodha","Overall","Overall","Overall","Overall",182.9716199999999,0.09208902299991895
"2026-06-25 00:00:00","5.Thursday","The Return of Zombie  Father | द रिटर्न ऑफ़ ज़ॉम्बी फ़ादर","Overall","Overall","Overall","Overall",37.78803,-0.4136368883986843
"2026-06-25 00:00:00","5.Thursday","Yakshini | यक्षिणी","Overall","Overall","Overall","Overall",13.478829999999995,-0.2635557391362313
"2026-06-24 00:00:00","4.Wednesday","Ameerzada Commander","Overall","Overall","Overall","Overall",18.00323,-0.5891282294717937
"2026-06-24 00:00:00","4.Wednesday","Apocalypse Meltdown","Overall","Overall","Overall","Overall",2.0865899999999984,-0.184020554052152
"2026-06-24 00:00:00","4.Wednesday","Commander Vikram Chauhan । कमांडर विक्रम चौहान","Overall","Overall","Overall","Overall",22.706540000000007,-0.18399260558052954
"2026-06-24 00:00:00","4.Wednesday","Detective Vikrant","Overall","Overall","Overall","Overall",15.779650000000007,1.7880176189660095
"2026-06-24 00:00:00","4.Wednesday","Secret Fauji | सीक्रेट फौजी","Overall","Overall","Overall","Overall",102.80279999999999,-0.07428290170547958
"2026-06-24 00:00:00","4.Wednesday","Shiva : Ek Pretyodha","Overall","Overall","Overall","Overall",207.64632000000003,0.1290799099873825
"2026-06-24 00:00:00","4.Wednesday","The Return of Zombie  Father | द रिटर्न ऑफ़ ज़ॉम्बी फ़ादर","Overall","Overall","Overall","Overall",28.224639999999994,-0.478677884393384
"2026-06-24 00:00:00","4.Wednesday","Yakshini | यक्षिणी","Overall","Overall","Overall","Overall",19.0849,0.16030537135742184
"2026-06-23 00:00:00","3.Tuesday","Ameerzada Commander","Overall","Overall","Overall","Overall",38.583699999999986,0.6710250049372362
"2026-06-23 00:00:00","3.Tuesday","Apocalypse Meltdown","Overall","Overall","Overall","Overall",0.7646299999999999,0.20085121085529356
"2026-06-23 00:00:00","3.Tuesday","Commander Vikram Chauhan । कमांडर विक्रम चौहान","Overall","Overall","Overall","Overall",23.40822,-0.23980478287160667
"2026-06-23 00:00:00","3.Tuesday","Detective Vikrant","Overall","Overall","Overall","Overall",12.77843,3.942955616243357
"2026-06-23 00:00:00","3.Tuesday","Earth's Last Stand","Overall","Overall","Overall","Overall",0.87241,
"2026-06-23 00:00:00","3.Tuesday","Secret Fauji | सीक्रेट फौजी","Overall","Overall","Overall","Overall",106.22261999999998,0.0008072589995529178
"2026-06-23 00:00:00","3.Tuesday","Shiva : Ek Pretyodha","Overall","Overall","Overall","Overall",169.2628399999999,0.09420312855649593
"2026-06-23 00:00:00","3.Tuesday","The Return of Zombie  Father | द रिटर्न ऑफ़ ज़ॉम्बी फ़ादर","Overall","Overall","Overall","Overall",41.30939,-0.12416570834435814
"2026-06-23 00:00:00","3.Tuesday","Yakshini | यक्षिणी","Overall","Overall","Overall","Overall",20.267100000000006,0.15438967223059175
"2026-06-22 00:00:00","2.Monday","Ameerzada Commander","Overall","Overall","Overall","Overall",36.302759999999985,0.30678399710873494
"2026-06-22 00:00:00","2.Monday","Apocalypse Meltdown","Overall","Overall","Overall","Overall",0.37938,0.962141194724593
"2026-06-22 00:00:00","2.Monday","Commander Vikram Chauhan । कमांडर विक्रम चौहान","Overall","Overall","Overall","Overall",23.17186999999999,-0.31740333729543324
"2026-06-22 00:00:00","2.Monday","Detective Vikrant","Overall","Overall","Overall","Overall",8.43328,0.01629782454651929
"2026-06-22 00:00:00","2.Monday","Secret Fauji | सीक्रेट फौजी","Overall","Overall","Overall","Overall",110.55858000000003,0.08776409069093849
"2026-06-22 00:00:00","2.Monday","Shiva : Ek Pretyodha","Overall","Overall","Overall","Overall",186.54774000000003,0.03363501841615868
"2026-06-22 00:00:00","2.Monday","The Return of Zombie  Father | द रिटर्न ऑफ़ ज़ॉम्बी फ़ादर","Overall","Overall","Overall","Overall",39.670369999999984,-0.1968565741342858
"2026-06-22 00:00:00","2.Monday","Yakshini | यक्षिणी","Overall","Overall","Overall","Overall",18.082420000000003,0.3504965846270127
"2026-06-21 00:00:00","1.Sunday","Ameerzada Commander","Overall","Overall","Overall","Overall",29.426279999999995,0.4446926485648943
"2026-06-21 00:00:00","1.Sunday","Apocalypse Meltdown","Overall","Overall","Overall","Overall",1.13009,-0.053771633830412724
"2026-06-21 00:00:00","1.Sunday","Commander Vikram Chauhan । कमांडर विक्रम चौहान","Overall","Overall","Overall","Overall",33.98022999999999,0.35953603246220367
"2026-06-21 00:00:00","1.Sunday","Detective Vikrant","Overall","Overall","Overall","Overall",5.079700000000002,0.13544565521095286
"2026-06-21 00:00:00","1.Sunday","Earth's Last Stand","Overall","Overall","Overall","Overall",1.22988,
"2026-06-21 00:00:00","1.Sunday","Secret Fauji | सीक्रेट फौजी","Overall","Overall","Overall","Overall",96.46483999999995,-0.12851704912212414
"2026-06-21 00:00:00","1.Sunday","Shiva : Ek Pretyodha","Overall","Overall","Overall","Overall",200.87380000000002,0.28955101465400856
"2026-06-21 00:00:00","1.Sunday","The Return of Zombie  Father | द रिटर्न ऑफ़ ज़ॉम्बी फ़ादर","Overall","Overall","Overall","Overall",40.89582999999999,-0.05241688454804738
"2026-06-21 00:00:00","1.Sunday","Yakshini | यक्षिणी","Overall","Overall","Overall","Overall",17.1648,0.7894539313191964
"2026-06-20 00:00:00","7.Saturday","Ameerzada Commander","Overall","Overall","Overall","Overall",25.743429999999996,-0.2733151074709569
"2026-06-20 00:00:00","7.Saturday","Apocalypse Meltdown","Overall","Overall","Overall","Overall",2.282379999999999,0.6453736077569112
"2026-06-20 00:00:00","7.Saturday","Commander Vikram Chauhan । कमांडर विक्रम चौहान","Overall","Overall","Overall","Overall",32.32046999999999,0.15346747194084798
"2026-06-20 00:00:00","7.Saturday","Detective Vikrant","Overall","Overall","Overall","Overall",4.1171,0.15249065741038792
"2026-06-20 00:00:00","7.Saturday","Secret Fauji | सीक्रेट फौजी","Overall","Overall","Overall","Overall",108.12291999999998,-0.07610842632667847
"2026-06-20 00:00:00","7.Saturday","Shiva : Ek Pretyodha","Overall","Overall","Overall","Overall",193.71260000000018,0.07264632433219909
"2026-06-20 00:00:00","7.Saturday","The Return of Zombie  Father | द रिटर्न ऑफ़ ज़ॉम्बी फ़ादर","Overall","Overall","Overall","Overall",53.209360000000004,0.3898731075778912
"2026-06-20 00:00:00","7.Saturday","Yakshini | यक्षिणी","Overall","Overall","Overall","Overall",13.844090000000003,-0.09273755684279439
"2026-06-19 00:00:00","6.Friday","Ameerzada Commander","Overall","Overall","Overall","Overall",22.121679999999994,-0.32170798864284444
"2026-06-19 00:00:00","6.Friday","Apocalypse Meltdown","Overall","Overall","Overall","Overall",0.5156,-0.7459209871432866
"2026-06-19 00:00:00","6.Friday","Commander Vikram Chauhan । कमांडर विक्रम चौहान","Overall","Overall","Overall","Overall",25.89531999999999,-0.07719237601763274
"2026-06-19 00:00:00","6.Friday","Detective Vikrant","Overall","Overall","Overall","Overall",3.6583200000000007,-0.2952300223472297
"2026-06-19 00:00:00","6.Friday","Secret Fauji | सीक्रेट फौजी","Overall","Overall","Overall","Overall",99.23264000000003,-0.2674292641045459
"2026-06-19 00:00:00","6.Friday","Shiva : Ek Pretyodha","Overall","Overall","Overall","Overall",196.19303999999997,0.08892830334955604
"2026-06-19 00:00:00","6.Friday","The Return of Zombie  Father | द रिटर्न ऑफ़ ज़ॉम्बी फ़ादर","Overall","Overall","Overall","Overall",53.09847000000002,0.5647765428817122
"2026-06-19 00:00:00","6.Friday","Yakshini | यक्षिणी","Overall","Overall","Overall","Overall",18.62627,0.2491395775547105
"2026-06-18 00:00:00","5.Thursday","Ameerzada Commander","Overall","Overall","Overall","Overall",34.231880000000004,0.019898700989155804
"2026-06-18 00:00:00","5.Thursday","Apocalypse Meltdown","Overall","Overall","Overall","Overall",0.6944,-0.5264625854979168
"2026-06-18 00:00:00","5.Thursday","Commander Vikram Chauhan । कमांडर विक्रम चौहान","Overall","Overall","Overall","Overall",31.786289999999997,0.02783730272290663
"2026-06-18 00:00:00","5.Thursday","Detective Vikrant","Overall","Overall","Overall","Overall",4.22321,-0.6141421782934475
"2026-06-18 00:00:00","5.Thursday","Secret Fauji | सीक्रेट फौजी","Overall","Overall","Overall","Overall",118.79314,-0.01239031225316134
"2026-06-18 00:00:00","5.Thursday","Shiva : Ek Pretyodha","Overall","Overall","Overall","Overall",167.5427699999998,-0.061044493111956144
"2026-06-18 00:00:00","5.Thursday","The Return of Zombie  Father | द रिटर्न ऑफ़ ज़ॉम्बी फ़ादर","Overall","Overall","Overall","Overall",64.44475999999999,0.5734248541259186
"2026-06-18 00:00:00","5.Thursday","Yakshini | यक्षिणी","Overall","Overall","Overall","Overall",18.30258,-0.15866569398227381
"2026-06-17 00:00:00","4.Wednesday","Ameerzada Commander","Overall","Overall","Overall","Overall",43.817150000000005,0.34543102497991085
"2026-06-17 00:00:00","4.Wednesday","Apocalypse Meltdown","Overall","Overall","Overall","Overall",2.557159999999999,19.931161496275674
"2026-06-17 00:00:00","4.Wednesday","Commander Vikram Chauhan । कमांडर विक्रम चौहान","Overall","Overall","Overall","Overall",27.82639,-0.016838862904188567
"2026-06-17 00:00:00","4.Wednesday","Detective Vikrant","Overall","Overall","Overall","Overall",5.659809999999999,-0.010055445752365388
"2026-06-17 00:00:00","4.Wednesday","Secret Fauji | सीक्रेट फौजी","Overall","Overall","Overall","Overall",111.05207000000003,-0.1582196856340754
"2026-06-17 00:00:00","4.Wednesday","Shiva : Ek Pretyodha","Overall","Overall","Overall","Overall",183.90755,-0.004511235624195309
"2026-06-17 00:00:00","4.Wednesday","The Return of Zombie  Father | द रिटर्न ऑफ़ ज़ॉम्बी फ़ादर","Overall","Overall","Overall","Overall",54.140499999999996,0.41034297536377085
"2026-06-17 00:00:00","4.Wednesday","Yakshini | यक्षिणी","Overall","Overall","Overall","Overall",16.448169999999998,-0.3603649708554527
"2026-06-16 00:00:00","3.Tuesday","Ameerzada Commander","Overall","Overall","Overall","Overall",23.089839999999995,-0.48561631567738284
"2026-06-16 00:00:00","3.Tuesday","Apocalypse Meltdown","Overall","Overall","Overall","Overall",0.6367400000000002,-0.8691294893349392
"2026-06-16 00:00:00","3.Tuesday","Commander Vikram Chauhan । कमांडर विक्रम चौहान","Overall","Overall","Overall","Overall",30.792380000000005,0.06551493370372596
"2026-06-16 00:00:00","3.Tuesday","Detective Vikrant","Overall","Overall","Overall","Overall",2.5851799999999994,0.16134104212431977
"2026-06-16 00:00:00","3.Tuesday","Secret Fauji | सीक्रेट फौजी","Overall","Overall","Overall","Overall",106.13693999999998,-0.25456240765163807
"2026-06-16 00:00:00","3.Tuesday","Shiva : Ek Pretyodha","Overall","Overall","Overall","Overall",154.69051,-0.1093671023090228
"2026-06-16 00:00:00","3.Tuesday","The Return of Zombie  Father | द रिटर्न ऑफ़ ज़ॉम्बी फ़ादर","Overall","Overall","Overall","Overall",47.16575999999999,-0.026011365530093533
"2026-06-16 00:00:00","3.Tuesday","Yakshini | यक्षिणी","Overall","Overall","Overall","Overall",17.55655000000001,0.043537001726097646
"2026-06-15 00:00:00","2.Monday","Ameerzada Commander","Overall","Overall","Overall","Overall",27.780229999999996,0.16087127306157378
"2026-06-15 00:00:00","2.Monday","Commander Vikram Chauhan । कमांडर विक्रम चौहान","Overall","Overall","Overall","Overall",33.94665000000001,0.5229774702709693
"2026-06-15 00:00:00","2.Monday","Detective Vikrant","Overall","Overall","Overall","Overall",8.29804,0.08950922428315033
"2026-06-15 00:00:00","2.Monday","Secret Fauji | सीक्रेट फौजी","Overall","Overall","Overall","Overall",101.63837999999997,-0.20174610220640155
"2026-06-15 00:00:00","2.Monday","Shiva : Ek Pretyodha","Overall","Overall","Overall","Overall",180.47737999999995,0.3368412592771177
"2026-06-15 00:00:00","2.Monday","The Return of Zombie  Father | द रिटर्न ऑफ़ ज़ॉम्बी फ़ादर","Overall","Overall","Overall","Overall",49.39388,0.44706272856682916
"2026-06-15 00:00:00","2.Monday","Yakshini | यक्षिणी","Overall","Overall","Overall","Overall",13.389460000000001,0.18512506273273055
"2026-06-14 00:00:00","1.Sunday","Ameerzada Commander","Overall","Overall","Overall","Overall",20.368540000000003,-0.3916898943101158
"2026-06-14 00:00:00","1.Sunday","Apocalypse Meltdown","Overall","Overall","Overall","Overall",0.19334999999999997,-0.49623511633360273
"2026-06-14 00:00:00","1.Sunday","Commander Vikram Chauhan । कमांडर विक्रम चौहान","Overall","Overall","Overall","Overall",24.993989999999997,-0.10324009093179287
"2026-06-14 00:00:00","1.Sunday","Detective Vikrant","Overall","Overall","Overall","Overall",4.473750000000001,-0.2717794706514307
"2026-06-14 00:00:00","1.Sunday","Gangster Billionaire | गैंगस्टर बिलिनेर","Overall","Overall","Overall","Overall",1.14173,-0.6199655158640341
"2026-06-14 00:00:00","1.Sunday","Secret Fauji | सीक्रेट फौजी","Overall","Overall","Overall","Overall",110.69044999999997,-0.17516222277712978
"2026-06-14 00:00:00","1.Sunday","Shiva : Ek Pretyodha","Overall","Overall","Overall","Overall",155.7703400000001,0.008718006202013129
"2026-06-14 00:00:00","1.Sunday","The Return of Zombie  Father | द रिटर्न ऑफ़ ज़ॉम्बी फ़ादर","Overall","Overall","Overall","Overall",43.15804,0.10937020845848378
"2026-06-14 00:00:00","1.Sunday","Yakshini | यक्षिणी","Overall","Overall","Overall","Overall",9.592200000000002,-0.2717872800774356
"2026-06-13 00:00:00","7.Saturday","Ameerzada Commander","Overall","Overall","Overall","Overall",35.42584999999999,-0.18314536712151896
"2026-06-13 00:00:00","7.Saturday","Apocalypse Meltdown","Overall","Overall","Overall","Overall",1.1943100000000002,-0.6530135533636455
"2026-06-13 00:00:00","7.Saturday","Commander Vikram Chauhan । कमांडर विक्रम चौहान","Overall","Overall","Overall","Overall",28.020270000000007,0.5965037929419497
"2026-06-13 00:00:00","7.Saturday","Detective Vikrant","Overall","Overall","Overall","Overall",3.57235,-0.5619881728775611
"2026-06-13 00:00:00","7.Saturday","Gangster Billionaire | गैंगस्टर बिलिनेर","Overall","Overall","Overall","Overall",1.9374299999999993,
"2026-06-13 00:00:00","7.Saturday","Secret Fauji | सीक्रेट फौजी","Overall","Overall","Overall","Overall",117.02988,-0.2475327303987318
"2026-06-13 00:00:00","7.Saturday","Shiva : Ek Pretyodha","Overall","Overall","Overall","Overall",180.59317000000019,0.20046535413040045
"2026-06-13 00:00:00","7.Saturday","The Return of Zombie  Father | द रिटर्न ऑफ़ ज़ॉम्बी फ़ादर","Overall","Overall","Overall","Overall",38.28360999999998,-0.10166111319692195
"2026-06-13 00:00:00","7.Saturday","Yakshini | यक्षिणी","Overall","Overall","Overall","Overall",15.259190000000004,0.3226524489871987
"2026-06-12 00:00:00","6.Friday","Ameerzada Commander","Overall","Overall","Overall","Overall",32.61379999999999,-0.0828969094892944
"2026-06-12 00:00:00","6.Friday","Apocalypse Meltdown","Overall","Overall","Overall","Overall",1.3871499999999997,6.191777270841973
"2026-06-12 00:00:00","6.Friday","Commander Vikram Chauhan । कमांडर विक्रम चौहान","Overall","Overall","Overall","Overall",28.06144999999999,0.22755432718975444
"2026-06-12 00:00:00","6.Friday","Detective Vikrant","Overall","Overall","Overall","Overall",5.190800000000001,-0.541313831719048
"2026-06-12 00:00:00","6.Friday","Secret Fauji | सीक्रेट फौजी","Overall","Overall","Overall","Overall",135.45810000000003,-0.003866707465611463
"2026-06-12 00:00:00","6.Friday","Shiva : Ek Pretyodha","Overall","Overall","Overall","Overall",180.17075999999992,0.13174308302927584
"2026-06-12 00:00:00","6.Friday","The Return of Zombie  Father | द रिटर्न ऑफ़ ज़ॉम्बी फ़ादर","Overall","Overall","Overall","Overall",33.933580000000006,-0.020135774698318287
"2026-06-12 00:00:00","6.Friday","Yakshini | यक्षिणी","Overall","Overall","Overall","Overall",14.911279999999998,-0.16770782633546022
"2026-06-11 00:00:00","5.Thursday","Ameerzada Commander","Overall","Overall","Overall","Overall",33.56399999999998,-0.019169789354118172
"2026-06-11 00:00:00","5.Thursday","Apocalypse Meltdown","Overall","Overall","Overall","Overall",2.02929,32.24524901703801
"2026-06-11 00:00:00","5.Thursday","Commander Vikram Chauhan । कमांडर विक्रम चौहान","Overall","Overall","Overall","Overall",30.925409999999996,0.1492568485323713
"2026-06-11 00:00:00","5.Thursday","Detective Vikrant","Overall","Overall","Overall","Overall",10.94499,0.2635200812717178
"2026-06-11 00:00:00","5.Thursday","Secret Fauji | सीक्रेट फौजी","Overall","Overall","Overall","Overall",120.28349,0.033178426918963
"2026-06-11 00:00:00","5.Thursday","Shiva : Ek Pretyodha","Overall","Overall","Overall","Overall",178.4352599999999,0.10953525504505457
"2026-06-11 00:00:00","5.Thursday","The Return of Zombie  Father | द रिटर्न ऑफ़ ज़ॉम्बी फ़ादर","Overall","Overall","Overall","Overall",40.95827,-0.1313150401253541
"2026-06-11 00:00:00","5.Thursday","Yakshini | यक्षिणी","Overall","Overall","Overall","Overall",21.75423,1.024720991855224
"2026-06-10 00:00:00","4.Wednesday","Ameerzada Commander","Overall","Overall","Overall","Overall",32.567370000000004,-0.18950290391436786
"2026-06-10 00:00:00","4.Wednesday","Apocalypse Meltdown","Overall","Overall","Overall","Overall",1.4664100000000002,
"2026-06-10 00:00:00","4.Wednesday","Commander Vikram Chauhan । कमांडर विक्रम चौहान","Overall","Overall","Overall","Overall",28.30297999999999,0.04811915748980056
"2026-06-10 00:00:00","4.Wednesday","Detective Vikrant","Overall","Overall","Overall","Overall",5.717299999999998,-0.5984404828294381
"2026-06-10 00:00:00","4.Wednesday","Gangster Billionaire | गैंगस्टर बिलिनेर","Overall","Overall","Overall","Overall",1.58149,
"2026-06-10 00:00:00","4.Wednesday","Secret Fauji | सीक्रेट फौजी","Overall","Overall","Overall","Overall",131.92523999999997,-0.1267338694783765
"2026-06-10 00:00:00","4.Wednesday","Shiva : Ek Pretyodha","Overall","Overall","Overall","Overall",184.74096000000003,0.440264644329609
"2026-06-10 00:00:00","4.Wednesday","The Return of Zombie  Father | द रिटर्न ऑफ़ ज़ॉम्बी फ़ादर","Overall","Overall","Overall","Overall",38.38818,0.4030044504285415
"2026-06-10 00:00:00","4.Wednesday","Yakshini | यक्षिणी","Overall","Overall","Overall","Overall",25.714930000000006,1.4410737526188333
"2026-06-09 00:00:00","3.Tuesday","Ameerzada Commander","Overall","Overall","Overall","Overall",44.88836,-0.14343870878733467
"2026-06-09 00:00:00","3.Tuesday","Apocalypse Meltdown","Overall","Overall","Overall","Overall",0.12217,
"2026-06-09 00:00:00","3.Tuesday","Commander Vikram Chauhan । कमांडर विक्रम चौहान","Overall","Overall","Overall","Overall",28.899060000000006,0.07826600232375758
"2026-06-09 00:00:00","3.Tuesday","Detective Vikrant","Overall","Overall","Overall","Overall",2.2260299999999997,-0.8016542843344638
"2026-06-09 00:00:00","3.Tuesday","Gangster Billionaire | गैंगस्टर बिलिनेर","Overall","Overall","Overall","Overall",0.06326,
"2026-06-09 00:00:00","3.Tuesday","Secret Fauji | सीक्रेट फौजी","Overall","Overall","Overall","Overall",142.38205999999997,-0.1334485188653588
"2026-06-09 00:00:00","3.Tuesday","Shiva : Ek Pretyodha","Overall","Overall","Overall","Overall",173.68605000000005,0.4822162012842297
"2026-06-09 00:00:00","3.Tuesday","The Return of Zombie  Father | द रिटर्न ऑफ़ ज़ॉम्बी फ़ादर","Overall","Overall","Overall","Overall",48.425370000000015,0.2826906817372734
"2026-06-09 00:00:00","3.Tuesday","Yakshini | यक्षिणी","Overall","Overall","Overall","Overall",16.824080000000002,0.02931616019910832
"2026-06-08 00:00:00","2.Monday","Ameerzada Commander","Overall","Overall","Overall","Overall",23.930500000000002,-0.5361430626633787
"2026-06-08 00:00:00","2.Monday","Apocalypse Meltdown","Overall","Overall","Overall","Overall",4.865419999999999,
"2026-06-08 00:00:00","2.Monday","Commander Vikram Chauhan । कमांडर विक्रम चौहान","Overall","Overall","Overall","Overall",22.289659999999998,-0.3679308337343492
"2026-06-08 00:00:00","2.Monday","Detective Vikrant","Overall","Overall","Overall","Overall",7.6163099999999995,-0.36812408688272014
"2026-06-08 00:00:00","2.Monday","Gangster Billionaire | गैंगस्टर बिलिनेर","Overall","Overall","Overall","Overall",7.30135,
"2026-06-08 00:00:00","2.Monday","Secret Fauji | सीक्रेट फौजी","Overall","Overall","Overall","Overall",127.32587999999998,-0.13055501174126716
"2026-06-08 00:00:00","2.Monday","Shiva : Ek Pretyodha","Overall","Overall","Overall","Overall",135.00285000000008,0.21193733069705267
"2026-06-08 00:00:00","2.Monday","The Return of Zombie  Father | द रिटर्न ऑफ़ ज़ॉम्बी फ़ादर","Overall","Overall","Overall","Overall",34.13389,-0.05697795464064226
"2026-06-08 00:00:00","2.Monday","Yakshini | यक्षिणी","Overall","Overall","Overall","Overall",11.297930000000003,-0.16260269261443283
"2026-06-07 00:00:00","1.Sunday","Ameerzada Commander","Overall","Overall","Overall","Overall",33.483810000000005,-0.2338016572988908
"2026-06-07 00:00:00","1.Sunday","Apocalypse Meltdown","Overall","Overall","Overall","Overall",0.38381000000000004,
"2026-06-07 00:00:00","1.Sunday","Commander Vikram Chauhan । कमांडर विक्रम चौहान","Overall","Overall","Overall","Overall",27.871440000000007,0.11947296313240274
"2026-06-07 00:00:00","1.Sunday","Detective Vikrant","Overall","Overall","Overall","Overall",6.143400000000001,-0.4474723709203935
"2026-06-07 00:00:00","1.Sunday","Gangster Billionaire | गैंगस्टर बिलिनेर","Overall","Overall","Overall","Overall",7.839100000000001,
"2026-06-07 00:00:00","1.Sunday","Secret Fauji | सीक्रेट फौजी","Overall","Overall","Overall","Overall",134.19663000000003,-0.03680716380818938
"2026-06-07 00:00:00","1.Sunday","Shiva : Ek Pretyodha","Overall","Overall","Overall","Overall",154.42406999999997,0.3621401354924132
"2026-06-07 00:00:00","1.Sunday","The Return of Zombie  Father | द रिटर्न ऑफ़ ज़ॉम्बी फ़ादर","Overall","Overall","Overall","Overall",38.903189999999995,1.6596016393834878
"2026-06-07 00:00:00","1.Sunday","Yakshini | यक्षिणी","Overall","Overall","Overall","Overall",13.172250000000004,0.01564222807875182
"2026-06-06 00:00:00","7.Saturday","Ameerzada Commander","Overall","Overall","Overall","Overall",43.36860999999996,-0.25545341627702833
"2026-06-06 00:00:00","7.Saturday","Commander Vikram Chauhan । कमांडर विक्रम चौहान","Overall","Overall","Overall","Overall",17.551019999999994,-0.33176468975694795
"2026-06-06 00:00:00","7.Saturday","Detective Vikrant","Overall","Overall","Overall","Overall",8.155829999999998,-0.3362811765548406
"2026-06-06 00:00:00","7.Saturday","Gangster Billionaire | गैंगस्टर बिलिनेर","Overall","Overall","Overall","Overall",9.597509999999996,
"2026-06-06 00:00:00","7.Saturday","Secret Fauji | सीक्रेट फौजी","Overall","Overall","Overall","Overall",155.52820000000006,0.2875199519059839
"2026-06-06 00:00:00","7.Saturday","Shiva : Ek Pretyodha","Overall","Overall","Overall","Overall",150.4359699999999,0.5071547184253178
"2026-06-06 00:00:00","7.Saturday","The Return of Zombie  Father | द रिटर्न ऑफ़ ज़ॉम्बी फ़ादर","Overall","Overall","Overall","Overall",42.61600000000001,2.07281200225255
"2026-06-06 00:00:00","7.Saturday","Yakshini | यक्षिणी","Overall","Overall","Overall","Overall",11.53681,-0.07309322970103427
"2026-06-05 00:00:00","6.Friday","Ameerzada Commander","Overall","Overall","Overall","Overall",35.56176,-0.43316960460276677
"2026-06-05 00:00:00","6.Friday","Apocalypse Meltdown","Overall","Overall","Overall","Overall",3.44195,
"2026-06-05 00:00:00","6.Friday","Commander Vikram Chauhan । कमांडर विक्रम चौहान","Overall","Overall","Overall","Overall",22.859639999999995,-0.34313342359883514
"2026-06-05 00:00:00","6.Friday","Detective Vikrant","Overall","Overall","Overall","Overall",11.316670000000002,0.09202222513856984
"2026-06-05 00:00:00","6.Friday","Gangster Billionaire | गैंगस्टर बिलिनेर","Overall","Overall","Overall","Overall",3.004280000000001,
"2026-06-05 00:00:00","6.Friday","Secret Fauji | सीक्रेट फौजी","Overall","Overall","Overall","Overall",135.98391000000007,0.16003125630468507
"2026-06-05 00:00:00","6.Friday","Shiva : Ek Pretyodha","Overall","Overall","Overall","Overall",159.19758000000013,0.4937376069265462
"2026-06-05 00:00:00","6.Friday","The Return of Zombie  Father | द रिटर्न ऑफ़ ज़ॉम्बी फ़ादर","Overall","Overall","Overall","Overall",34.6309,2.167258549683877
"2026-06-05 00:00:00","6.Friday","Yakshini | यक्षिणी","Overall","Overall","Overall","Overall",17.915919999999996,0.16297797952770487
"2026-06-04 00:00:00","5.Thursday","Ameerzada Commander","Overall","Overall","Overall","Overall",34.21999000000001,-0.4733464273424086
"2026-06-04 00:00:00","5.Thursday","Commander Vikram Chauhan । कमांडर विक्रम चौहान","Overall","Overall","Overall","Overall",26.90904999999999,-0.051739965303240765
"2026-06-04 00:00:00","5.Thursday","Detective Vikrant","Overall","Overall","Overall","Overall",8.6623,-0.039366638276731036
"2026-06-04 00:00:00","5.Thursday","Secret Fauji | सीक्रेट फौजी","Overall","Overall","Overall","Overall",116.42082999999998,-0.1580905496735684
"2026-06-04 00:00:00","5.Thursday","Shiva : Ek Pretyodha","Overall","Overall","Overall","Overall",160.8198200000001,0.4020329063995094
"2026-06-04 00:00:00","5.Thursday","The Return of Zombie  Father | द रिटर्न ऑफ़ ज़ॉम्बी फ़ादर","Overall","Overall","Overall","Overall",47.149740000000016,2.7448217526497842
"2026-06-04 00:00:00","5.Thursday","Yakshini | यक्षिणी","Overall","Overall","Overall","Overall",10.744309999999999,-0.46257517302989526
"2026-06-03 00:00:00","4.Wednesday","Ameerzada Commander","Overall","Overall","Overall","Overall",40.18197000000002,-0.42490579680275864
"2026-06-03 00:00:00","4.Wednesday","Apocalypse Meltdown","Overall","Overall","Overall","Overall",0.19288,
"2026-06-03 00:00:00","4.Wednesday","Commander Vikram Chauhan । कमांडर विक्रम चौहान","Overall","Overall","Overall","Overall",27.00358999999999,0.05100879538489367
"2026-06-03 00:00:00","4.Wednesday","Detective Vikrant","Overall","Overall","Overall","Overall",14.237740000000002,0.37102385709814856
"2026-06-03 00:00:00","4.Wednesday","Secret Fauji | सीक्रेट फौजी","Overall","Overall","Overall","Overall",151.07105999999996,-0.010541811503347986
"2026-06-03 00:00:00","4.Wednesday","Shiva : Ek Pretyodha","Overall","Overall","Overall","Overall",128.26876000000004,0.2274388585617353
"2026-06-03 00:00:00","4.Wednesday","The Return of Zombie  Father | द रिटर्न ऑफ़ ज़ॉम्बी फ़ादर","Overall","Overall","Overall","Overall",27.36141,0.5839410776496361
"2026-06-03 00:00:00","4.Wednesday","Yakshini | यक्षिणी","Overall","Overall","Overall","Overall",10.534270000000003,-0.47920636129120264
"2026-06-02 00:00:00","3.Tuesday","Ameerzada Commander","Overall","Overall","Overall","Overall",52.40530999999999,-0.3990336660713425
"2026-06-02 00:00:00","3.Tuesday","Apocalypse Meltdown","Overall","Overall","Overall","Overall",0.06104,
"2026-06-02 00:00:00","3.Tuesday","Commander Vikram Chauhan । कमांडर विक्रम चौहान","Overall","Overall","Overall","Overall",26.801420000000004,-0.24644434766203493
"2026-06-02 00:00:00","3.Tuesday","Detective Vikrant","Overall","Overall","Overall","Overall",11.22298,-0.17345902454292694
"2026-06-02 00:00:00","3.Tuesday","Secret Fauji | सीक्रेट फौजी","Overall","Overall","Overall","Overall",164.30883,0.09032408290954796
"2026-06-02 00:00:00","3.Tuesday","Shiva : Ek Pretyodha","Overall","Overall","Overall","Overall",117.17997000000004,0.059543407021561245
"2026-06-02 00:00:00","3.Tuesday","The Return of Zombie  Father | द रिटर्न ऑफ़ ज़ॉम्बी फ़ादर","Overall","Overall","Overall","Overall",37.75296,0.1910574530531428
"2026-06-02 00:00:00","3.Tuesday","Yakshini | यक्षिणी","Overall","Overall","Overall","Overall",16.344909999999995,0.6082792645464221
"2026-06-01 00:00:00","2.Monday","Ameerzada Commander","Overall","Overall","Overall","Overall",51.590260000000015,-0.31688489429446165
"2026-06-01 00:00:00","2.Monday","Commander Vikram Chauhan । कमांडर विक्रम चौहान","Overall","Overall","Overall","Overall",35.264589999999984,-0.10471309992726485
"2026-06-01 00:00:00","2.Monday","Detective Vikrant","Overall","Overall","Overall","Overall",12.053489999999996,0.13831155585272104
"2026-06-01 00:00:00","2.Monday","Secret Fauji | सीक्रेट फौजी","Overall","Overall","Overall","Overall",146.44500999999997,-0.07483824911358017
"2026-06-01 00:00:00","2.Monday","Shiva : Ek Pretyodha","Overall","Overall","Overall","Overall",111.39424999999994,0.20504980877230605
"2026-06-01 00:00:00","2.Monday","The Return of Zombie  Father | द रिटर्न ऑफ़ ज़ॉम्बी फ़ादर","Overall","Overall","Overall","Overall",36.19627999999999,2.3426277786140326
"2026-06-01 00:00:00","2.Monday","Yakshini | यक्षिणी","Overall","Overall","Overall","Overall",13.491719999999997,0.08544998596094322
"2026-05-31 00:00:00","1.Sunday","Ameerzada Commander","Overall","Overall","Overall","Overall",43.70123000000002,-0.3659039155274294
"2026-05-31 00:00:00","1.Sunday","Commander Vikram Chauhan । कमांडर विक्रम चौहान","Overall","Overall","Overall","Overall",24.896929999999998,-0.4134361823510164
"2026-05-31 00:00:00","1.Sunday","Detective Vikrant","Overall","Overall","Overall","Overall",11.118719999999996,0.32516530718293635
"2026-05-31 00:00:00","1.Sunday","Secret Fauji | सीक्रेट फौजी","Overall","Overall","Overall","Overall",139.32477999999998,0.12047463645938894
"2026-05-31 00:00:00","1.Sunday","Shiva : Ek Pretyodha","Overall","Overall","Overall","Overall",113.36870999999991,0.523638436767075
"2026-05-31 00:00:00","1.Sunday","The Return of Zombie  Father | द रिटर्न ऑफ़ ज़ॉम्बी फ़ादर","Overall","Overall","Overall","Overall",14.62745,-0.5499711414450692
"2026-05-31 00:00:00","1.Sunday","Yakshini | यक्षिणी","Overall","Overall","Overall","Overall",12.969380000000001,-0.25268602208282953
"2026-05-30 00:00:00","7.Saturday","Ameerzada Commander","Overall","Overall","Overall","Overall",58.24835,-0.03569758288476044
"2026-05-30 00:00:00","7.Saturday","Commander Vikram Chauhan । कमांडर विक्रम चौहान","Overall","Overall","Overall","Overall",26.264729999999997,-0.026937420299928183
"2026-05-30 00:00:00","7.Saturday","Detective Vikrant","Overall","Overall","Overall","Overall",12.288080000000006,2.5733628009770864
"2026-05-30 00:00:00","7.Saturday","Secret Fauji | सीक्रेट फौजी","Overall","Overall","Overall","Overall",120.79672999999994,-0.0801976653901535
"2026-05-30 00:00:00","7.Saturday","Shiva : Ek Pretyodha","Overall","Overall","Overall","Overall",99.81455000000007,0.07313487747618308
"2026-05-30 00:00:00","7.Saturday","The Return of Zombie  Father | द रिटर्न ऑफ़ ज़ॉम्बी फ़ादर","Overall","Overall","Overall","Overall",13.86873,-0.16945158423502293
"2026-05-30 00:00:00","7.Saturday","Yakshini | यक्षिणी","Overall","Overall","Overall","Overall",12.446570000000001,-0.26955848634284807
"2026-05-29 00:00:00","6.Friday","Ameerzada Commander","Overall","Overall","Overall","Overall",62.737920000000024,-0.18336306767845822
"2026-05-29 00:00:00","6.Friday","Commander Vikram Chauhan । कमांडर विक्रम चौहान","Overall","Overall","Overall","Overall",34.80104,0.2420838260178082
"2026-05-29 00:00:00","6.Friday","Detective Vikrant","Overall","Overall","Overall","Overall",10.363039999999998,-0.0041829344346890895
"2026-05-29 00:00:00","6.Friday","Secret Fauji | सीक्रेट फौजी","Overall","Overall","Overall","Overall",117.22434999999997,-0.31006533301119565
"2026-05-29 00:00:00","6.Friday","Shiva : Ek Pretyodha","Overall","Overall","Overall","Overall",106.57666999999994,0.29764037095313256
"2026-05-29 00:00:00","6.Friday","The Return of Zombie  Father | द रिटर्न ऑफ़ ज़ॉम्बी फ़ादर","Overall","Overall","Overall","Overall",10.934029999999998,-0.3973566218111769
"2026-05-29 00:00:00","6.Friday","Yakshini | यक्षिणी","Overall","Overall","Overall","Overall",15.405210000000002,-0.021823111455402833
"2026-05-28 00:00:00","5.Thursday","Ameerzada Commander","Overall","Overall","Overall","Overall",64.97628000000002,0.05578531331223613
"2026-05-28 00:00:00","5.Thursday","Commander Vikram Chauhan । कमांडर विक्रम चौहान","Overall","Overall","Overall","Overall",28.37728999999999,-0.08412611219267885
"2026-05-28 00:00:00","5.Thursday","Detective Vikrant","Overall","Overall","Overall","Overall",9.017280000000001,1.7493216091126955
"2026-05-28 00:00:00","5.Thursday","Secret Fauji | सीक्रेट फौजी","Overall","Overall","Overall","Overall",138.2818899999999,-0.24492512858976545
"2026-05-28 00:00:00","5.Thursday","Shiva : Ek Pretyodha","Overall","Overall","Overall","Overall",114.70474000000003,0.08008880656154682
"2026-05-28 00:00:00","5.Thursday","The Return of Zombie  Father | द रिटर्न ऑफ़ ज़ॉम्बी फ़ादर","Overall","Overall","Overall","Overall",12.590650000000002,-0.21847494407325463
"2026-05-28 00:00:00","5.Thursday","Yakshini | यक्षिणी","Overall","Overall","Overall","Overall",19.99221,-0.303147029134227
"2026-05-27 00:00:00","4.Wednesday","Ameerzada Commander","Overall","Overall","Overall","Overall",69.87024,-0.19524988286416767
"2026-05-27 00:00:00","4.Wednesday","Commander Vikram Chauhan । कमांडर विक्रम चौहान","Overall","Overall","Overall","Overall",25.693020000000008,-0.2839978820644298
"2026-05-27 00:00:00","4.Wednesday","Detective Vikrant","Overall","Overall","Overall","Overall",10.384750000000002,0.2536200130133357
"2026-05-27 00:00:00","4.Wednesday","Secret Fauji | सीक्रेट फौजी","Overall","Overall","Overall","Overall",152.6805899999999,0.040589016907528475
"2026-05-27 00:00:00","4.Wednesday","Shiva : Ek Pretyodha","Overall","Overall","Overall","Overall",104.50113999999996,-0.006792986647357502
"2026-05-27 00:00:00","4.Wednesday","The Return of Zombie  Father | द रिटर्न ऑफ़ ज़ॉम्बी फ़ादर","Overall","Overall","Overall","Overall",17.274259999999998,-0.05574332172845464
"2026-05-27 00:00:00","4.Wednesday","Yakshini | यक्षिणी","Overall","Overall","Overall","Overall",20.227339999999995,0.22880607886412485
"2026-05-26 00:00:00","3.Tuesday","Ameerzada Commander","Overall","Overall","Overall","Overall",87.20174000000004,0.15485135161264174
"2026-05-26 00:00:00","3.Tuesday","Commander Vikram Chauhan । कमांडर विक्रम चौहान","Overall","Overall","Overall","Overall",35.56661000000002,0.11038192099708577
"2026-05-26 00:00:00","3.Tuesday","Detective Vikrant","Overall","Overall","Overall","Overall",13.578249999999997,0.9452494982242641
"2026-05-26 00:00:00","3.Tuesday","Secret Fauji | सीक्रेट फौजी","Overall","Overall","Overall","Overall",150.69723999999997,0.15700064622778842
"2026-05-26 00:00:00","3.Tuesday","Shiva : Ek Pretyodha","Overall","Overall","Overall","Overall",110.59478000000003,0.053046833945243455
"2026-05-26 00:00:00","3.Tuesday","The Return of Zombie  Father | द रिटर्न ऑफ़ ज़ॉम्बी फ़ादर","Overall","Overall","Overall","Overall",31.697010000000002,1.0128229552044319
"2026-05-26 00:00:00","3.Tuesday","Yakshini | यक्षिणी","Overall","Overall","Overall","Overall",10.16298,-0.27725397215968006
"2026-05-25 00:00:00","2.Monday","Ameerzada Commander","Overall","Overall","Overall","Overall",75.52206000000001,0.023654281040737635
"2026-05-25 00:00:00","2.Monday","Commander Vikram Chauhan । कमांडर विक्रम चौहान","Overall","Overall","Overall","Overall",39.38915000000001,0.4518230558457135
"2026-05-25 00:00:00","2.Monday","Detective Vikrant","Overall","Overall","Overall","Overall",10.588920000000002,0.24043020023452288
"2026-05-25 00:00:00","2.Monday","Secret Fauji | सीक्रेट फौजी","Overall","Overall","Overall","Overall",158.29124999999996,0.22633461711763347
"2026-05-25 00:00:00","2.Monday","Shiva : Ek Pretyodha","Overall","Overall","Overall","Overall",92.43954000000001,-0.15654791336269658
"2026-05-25 00:00:00","2.Monday","The Return of Zombie  Father | द रिटर्न ऑफ़ ज़ॉम्बी फ़ादर","Overall","Overall","Overall","Overall",10.82869,0.5941681425179131
"2026-05-25 00:00:00","2.Monday","Yakshini | यक्षिणी","Overall","Overall","Overall","Overall",12.429609999999998,-0.3817101845924109
"2026-05-24 00:00:00","1.Sunday","Ameerzada Commander","Overall","Overall","Overall","Overall",68.91893999999999,0.31567830826977294
"2026-05-24 00:00:00","1.Sunday","Commander Vikram Chauhan । कमांडर विक्रम चौहान","Overall","Overall","Overall","Overall",42.44539000000001,0.5693255049562058
"2026-05-24 00:00:00","1.Sunday","Detective Vikrant","Overall","Overall","Overall","Overall",8.39044,0.47781456953642376
"2026-05-24 00:00:00","1.Sunday","Secret Fauji | सीक्रेट फौजी","Overall","Overall","Overall","Overall",124.34443000000003,0.17473288155186228
"2026-05-24 00:00:00","1.Sunday","Shiva : Ek Pretyodha","Overall","Overall","Overall","Overall",74.40656999999997,-0.24874402910254023
"2026-05-24 00:00:00","1.Sunday","The Return of Zombie  Father | द रिटर्न ऑफ़ ज़ॉम्बी फ़ादर","Overall","Overall","Overall","Overall",32.50336000000001,3.607503926605089
"2026-05-24 00:00:00","1.Sunday","Yakshini | यक्षिणी","Overall","Overall","Overall","Overall",17.35466,0.10983381264001113
"2026-05-23 00:00:00","7.Saturday","Ameerzada Commander","Overall","Overall","Overall","Overall",60.40464999999995,0.10499780938242798
"2026-05-23 00:00:00","7.Saturday","Commander Vikram Chauhan । कमांडर विक्रम चौहान","Overall","Overall","Overall","Overall",26.991820000000004,-0.0086559544578092
"2026-05-23 00:00:00","7.Saturday","Detective Vikrant","Overall","Overall","Overall","Overall",3.4388000000000005,-0.6142126968314013
"2026-05-23 00:00:00","7.Saturday","Secret Fauji | सीक्रेट फौजी","Overall","Overall","Overall","Overall",131.32901000000007,0.31398795900502807
"2026-05-23 00:00:00","7.Saturday","Shiva : Ek Pretyodha","Overall","Overall","Overall","Overall",93.01212000000002,-0.023909321448266074
"2026-05-23 00:00:00","7.Saturday","The Return of Zombie  Father | द रिटर्न ऑफ़ ज़ॉम्बी फ़ादर","Overall","Overall","Overall","Overall",16.698279999999997,2.323708844961872
"2026-05-23 00:00:00","7.Saturday","Yakshini | यक्षिणी","Overall","Overall","Overall","Overall",17.03979,-0.234565111730614
"2026-05-22 00:00:00","6.Friday","Ameerzada Commander","Overall","Overall","Overall","Overall",76.82473999999998,0.3199328837843478
"2026-05-22 00:00:00","6.Friday","Commander Vikram Chauhan । कमांडर विक्रम चौहान","Overall","Overall","Overall","Overall",28.018270000000022,-0.3192868251030052
"2026-05-22 00:00:00","6.Friday","Detective Vikrant","Overall","Overall","Overall","Overall",10.40657,0.44225409500948665
"2026-05-22 00:00:00","6.Friday","Secret Fauji | सीक्रेट फौजी","Overall","Overall","Overall","Overall",169.90645000000006,0.39272935984178514
"2026-05-22 00:00:00","6.Friday","Shiva : Ek Pretyodha","Overall","Overall","Overall","Overall",82.13112999999998,-0.1921255903313731
"2026-05-22 00:00:00","6.Friday","The Return of Zombie  Father | द रिटर्न ऑफ़ ज़ॉम्बी फ़ादर","Overall","Overall","Overall","Overall",18.143449999999994,4.538665600253984
"2026-05-22 00:00:00","6.Friday","Yakshini | यक्षिणी","Overall","Overall","Overall","Overall",15.748899999999995,-0.16932150716174021
"2026-05-21 00:00:00","5.Thursday","Ameerzada Commander","Overall","Overall","Overall","Overall",61.54308,0.007284855033692805
"2026-05-21 00:00:00","5.Thursday","Commander Vikram Chauhan । कमांडर विक्रम चौहान","Overall","Overall","Overall","Overall",30.98384,0.05101542033201634
"2026-05-21 00:00:00","5.Thursday","Detective Vikrant","Overall","Overall","Overall","Overall",3.27982,-0.6097134330205316
"2026-05-21 00:00:00","5.Thursday","Secret Fauji | सीक्रेट फौजी","Overall","Overall","Overall","Overall",183.13666000000006,0.6723242187535678
"2026-05-21 00:00:00","5.Thursday","Shiva : Ek Pretyodha","Overall","Overall","Overall","Overall",106.19935999999996,-0.13283574789407282
"2026-05-21 00:00:00","5.Thursday","The Return of Zombie  Father | द रिटर्न ऑफ़ ज़ॉम्बी फ़ादर","Overall","Overall","Overall","Overall",16.11036,1.9629065629396671
"2026-05-21 00:00:00","5.Thursday","Yakshini | यक्षिणी","Overall","Overall","Overall","Overall",28.689279999999993,0.26661139175344184
"2026-05-20 00:00:00","4.Wednesday","Ameerzada Commander","Overall","Overall","Overall","Overall",86.82227999999995,1.1460682155918822
"2026-05-20 00:00:00","4.Wednesday","Commander Vikram Chauhan । कमांडर विक्रम चौहान","Overall","Overall","Overall","Overall",35.88400000000001,-0.10678170341239546
"2026-05-20 00:00:00","4.Wednesday","Detective Vikrant","Overall","Overall","Overall","Overall",8.28381,-0.1439249728724229
"2026-05-20 00:00:00","4.Wednesday","Secret Fauji | सीक्रेट फौजी","Overall","Overall","Overall","Overall",146.72516000000007,0.17396770166138809
"2026-05-20 00:00:00","4.Wednesday","Shiva : Ek Pretyodha","Overall","Overall","Overall","Overall",105.21587000000007,0.05765171997285168
"2026-05-20 00:00:00","4.Wednesday","The Return of Zombie  Father | द रिटर्न ऑफ़ ज़ॉम्बी फ़ादर","Overall","Overall","Overall","Overall",18.29403,2.3089745885493818
"2026-05-20 00:00:00","4.Wednesday","Yakshini | यक्षिणी","Overall","Overall","Overall","Overall",16.46097,-0.11653911982211651
"2026-05-19 00:00:00","3.Tuesday","Ameerzada Commander","Overall","Overall","Overall","Overall",75.50905999999999,0.22363004719242197
"2026-05-19 00:00:00","3.Tuesday","Commander Vikram Chauhan । कमांडर विक्रम चौहान","Overall","Overall","Overall","Overall",32.030969999999996,-0.051368203701772974
"2026-05-19 00:00:00","3.Tuesday","Detective Vikrant","Overall","Overall","Overall","Overall",6.980210000000003,-0.13642577629646646
"2026-05-19 00:00:00","3.Tuesday","Secret Fauji | सीक्रेट फौजी","Overall","Overall","Overall","Overall",130.24819000000016,-0.15967641059871374
"2026-05-19 00:00:00","3.Tuesday","Shiva : Ek Pretyodha","Overall","Overall","Overall","Overall",105.02361000000002,0.16010295421738507
"2026-05-19 00:00:00","3.Tuesday","The Return of Zombie  Father | द रिटर्न ऑफ़ ज़ॉम्बी फ़ादर","Overall","Overall","Overall","Overall",15.747540000000003,0.7622681416077757
"2026-05-19 00:00:00","3.Tuesday","Yakshini | यक्षिणी","Overall","Overall","Overall","Overall",14.06162,-0.4092133611634886
"2026-05-18 00:00:00","2.Monday","Ameerzada Commander","Overall","Overall","Overall","Overall",73.77691999999999,0.15937753693175405
"2026-05-18 00:00:00","2.Monday","Commander Vikram Chauhan । कमांडर विक्रम चौहान","Overall","Overall","Overall","Overall",27.130820000000003,-0.23685456316518283
"2026-05-18 00:00:00","2.Monday","Detective Vikrant","Overall","Overall","Overall","Overall",8.536489999999999,0.31119613667851365
"2026-05-18 00:00:00","2.Monday","Secret Fauji | सीक्रेट फौजी","Overall","Overall","Overall","Overall",129.07672,0.03175129845459579
"2026-05-18 00:00:00","2.Monday","Shiva : Ek Pretyodha","Overall","Overall","Overall","Overall",109.59667000000006,0.2977668495752537
"2026-05-18 00:00:00","2.Monday","The Return of Zombie  Father | द रिटर्न ऑफ़ ज़ॉम्बी फ़ादर","Overall","Overall","Overall","Overall",6.792689999999999,-0.2810522750605945
"2026-05-18 00:00:00","2.Monday","Yakshini | यक्षिणी","Overall","Overall","Overall","Overall",20.10321,0.2609656702028704
"2026-05-17 00:00:00","1.Sunday","Ameerzada Commander","Overall","Overall","Overall","Overall",52.382819999999974,-0.17921588155271895
"2026-05-17 00:00:00","1.Sunday","Commander Vikram Chauhan । कमांडर विक्रम चौहान","Overall","Overall","Overall","Overall",27.046900000000004,0.13086933052806593
"2026-05-17 00:00:00","1.Sunday","Detective Vikrant","Overall","Overall","Overall","Overall",5.6776,0.962815203036735
"2026-05-17 00:00:00","1.Sunday","Secret Fauji | सीक्रेट फौजी","Overall","Overall","Overall","Overall",105.84911,-0.08354320673395821
"2026-05-17 00:00:00","1.Sunday","Shiva : Ek Pretyodha","Overall","Overall","Overall","Overall",99.04289999999995,-0.05868558567069482
"2026-05-17 00:00:00","1.Sunday","The Return of Zombie  Father | द रिटर्न ऑफ़ ज़ॉम्बी फ़ादर","Overall","Overall","Overall","Overall",7.054440000000001,-0.3609211438200107
"2026-05-17 00:00:00","1.Sunday","Yakshini | यक्षिणी","Overall","Overall","Overall","Overall",15.637169999999996,-0.39605378720406503
"2026-05-16 00:00:00","7.Saturday","Ameerzada Commander","Overall","Overall","Overall","Overall",54.66494999999999,-0.19647719640914008
"2026-05-16 00:00:00","7.Saturday","Commander Vikram Chauhan । कमांडर विक्रम चौहान","Overall","Overall","Overall","Overall",27.227500000000003,0.10551378425763036
"2026-05-16 00:00:00","7.Saturday","Detective Vikrant","Overall","Overall","Overall","Overall",8.913719999999998,-0.10027222818313741
"2026-05-16 00:00:00","7.Saturday","Secret Fauji | सीक्रेट फौजी","Overall","Overall","Overall","Overall",99.94689000000001,-0.1270832529095357
"2026-05-16 00:00:00","7.Saturday","Shiva : Ek Pretyodha","Overall","Overall","Overall","Overall",95.29044999999995,-0.16655558791708147
"2026-05-16 00:00:00","7.Saturday","The Return of Zombie  Father | द रिटर्न ऑफ़ ज़ॉम्बी फ़ादर","Overall","Overall","Overall","Overall",5.02399,-0.2873985313912635
"2026-05-16 00:00:00","7.Saturday","Yakshini | यक्षिणी","Overall","Overall","Overall","Overall",22.261580000000002,0.5211400224123328
"2026-05-15 00:00:00","6.Friday","Ameerzada Commander","Overall","Overall","Overall","Overall",58.20352000000001,-0.2922770205545828
"2026-05-15 00:00:00","6.Friday","Commander Vikram Chauhan । कमांडर विक्रम चौहान","Overall","Overall","Overall","Overall",41.16016999999998,0.294885318496114
"2026-05-15 00:00:00","6.Friday","Detective Vikrant","Overall","Overall","Overall","Overall",7.21549,0.4527500714748791
"2026-05-15 00:00:00","6.Friday","Secret Fauji | सीक्रेट फौजी","Overall","Overall","Overall","Overall",121.99530999999996,0.07274153066580236
"2026-05-15 00:00:00","6.Friday","Shiva : Ek Pretyodha","Overall","Overall","Overall","Overall",101.66324000000006,0.028406523446284693
"2026-05-15 00:00:00","6.Friday","The Return of Zombie  Father | द रिटर्न ऑफ़ ज़ॉम्बी फ़ादर","Overall","Overall","Overall","Overall",3.2757799999999997,-0.047051362610254
"2026-05-15 00:00:00","6.Friday","Yakshini | यक्षिणी","Overall","Overall","Overall","Overall",18.95908,0.15900328216802828
"2026-05-14 00:00:00","5.Thursday","Ameerzada Commander","Overall","Overall","Overall","Overall",61.097989999999996,-0.09473877761415372
"2026-05-14 00:00:00","5.Thursday","Commander Vikram Chauhan । कमांडर विक्रम चौहान","Overall","Overall","Overall","Overall",29.47990999999999,-0.03680633017517243
"2026-05-14 00:00:00","5.Thursday","Detective Vikrant","Overall","Overall","Overall","Overall",8.40362,0.8050756623814583
"2026-05-14 00:00:00","5.Thursday","Secret Fauji | सीक्रेट फौजी","Overall","Overall","Overall","Overall",109.51025999999999,-0.14336376805778406
"2026-05-14 00:00:00","5.Thursday","Shiva : Ek Pretyodha","Overall","Overall","Overall","Overall",122.46741000000002,0.3392413786768409
"2026-05-14 00:00:00","5.Thursday","The Return of Zombie  Father | द रिटर्न ऑफ़ ज़ॉम्बी फ़ादर","Overall","Overall","Overall","Overall",5.43735,-0.0365936199919209
"2026-05-14 00:00:00","5.Thursday","Yakshini | यक्षिणी","Overall","Overall","Overall","Overall",22.65042,-0.17139329554371519
"2026-05-13 00:00:00","4.Wednesday","Ameerzada Commander","Overall","Overall","Overall","Overall",40.45643999999996,-0.050786232139087284
"2026-05-13 00:00:00","4.Wednesday","Commander Vikram Chauhan । कमांडर विक्रम चौहान","Overall","Overall","Overall","Overall",40.17383,0.37916434796669063
"2026-05-13 00:00:00","4.Wednesday","Detective Vikrant","Overall","Overall","Overall","Overall",9.6765,2.0841532562653593
"2026-05-13 00:00:00","4.Wednesday","Secret Fauji | सीक्रेट फौजी","Overall","Overall","Overall","Overall",124.98228,0.17592972776660254
"2026-05-13 00:00:00","4.Wednesday","Shiva : Ek Pretyodha","Overall","Overall","Overall","Overall",99.48064,0.12810280139190766
"2026-05-13 00:00:00","4.Wednesday","The Return of Zombie  Father | द रिटर्न ऑफ़ ज़ॉम्बी फ़ादर","Overall","Overall","Overall","Overall",5.5286100000000005,-0.21194130693837054
"2026-05-13 00:00:00","4.Wednesday","Yakshini | यक्षिणी","Overall","Overall","Overall","Overall",18.63237000000001,0.34275254481578266
"2026-05-12 00:00:00","3.Tuesday","Ameerzada Commander","Overall","Overall","Overall","Overall",61.709059999999994,0.45090626005874745
"2026-05-12 00:00:00","3.Tuesday","Commander Vikram Chauhan । कमांडर विक्रम चौहान","Overall","Overall","Overall","Overall",33.76543999999999,0.026159508665487108
"2026-05-12 00:00:00","3.Tuesday","Detective Vikrant","Overall","Overall","Overall","Overall",8.082930000000001,0.13582205534563307
"2026-05-12 00:00:00","3.Tuesday","Secret Fauji | सीक्रेट फौजी","Overall","Overall","Overall","Overall",154.99766,0.43078597583338274
"2026-05-12 00:00:00","3.Tuesday","Shiva : Ek Pretyodha","Overall","Overall","Overall","Overall",90.52956,0.2798036446802219
"2026-05-12 00:00:00","3.Tuesday","The Return of Zombie  Father | द रिटर्न ऑफ़ ज़ॉम्बी फ़ादर","Overall","Overall","Overall","Overall",8.93595,-0.12259746380546999
"2026-05-12 00:00:00","3.Tuesday","Yakshini | यक्षिणी","Overall","Overall","Overall","Overall",23.801519999999996,-0.19570085632113388
"2026-05-11 00:00:00","2.Monday","Ameerzada Commander","Overall","Overall","Overall","Overall",63.634940000000036,0.7367903777874039
"2026-05-11 00:00:00","2.Monday","Commander Vikram Chauhan । कमांडर विक्रम चौहान","Overall","Overall","Overall","Overall",35.55131,0.13307336817950066
"2026-05-11 00:00:00","2.Monday","Detective Vikrant","Overall","Overall","Overall","Overall",6.510460000000002,-0.014693797247088414
"2026-05-11 00:00:00","2.Monday","Secret Fauji | सीक्रेट फौजी","Overall","Overall","Overall","Overall",125.10449,0.22495926985256287
"2026-05-11 00:00:00","2.Monday","Shiva : Ek Pretyodha","Overall","Overall","Overall","Overall",84.45019999999998,0.019359701191314027
"2026-05-11 00:00:00","2.Monday","The Return of Zombie  Father | द रिटर्न ऑफ़ ज़ॉम्बी फ़ादर","Overall","Overall","Overall","Overall",9.448100000000002,1.413973714332435
"2026-05-11 00:00:00","2.Monday","Yakshini | यक्षिणी","Overall","Overall","Overall","Overall",15.942709999999998,0.19064924163158414
"2026-05-10 00:00:00","1.Sunday","Ameerzada Commander","Overall","Overall","Overall","Overall",63.82046000000001,0.25343055893526323
"2026-05-10 00:00:00","1.Sunday","Commander Vikram Chauhan । कमांडर विक्रम चौहान","Overall","Overall","Overall","Overall",23.916909999999998,-0.38670249484322494
"2026-05-10 00:00:00","1.Sunday","Detective Vikrant","Overall","Overall","Overall","Overall",2.8925800000000006,-0.6059353956271958
"2026-05-10 00:00:00","1.Sunday","Secret Fauji | सीक्रेट फौजी","Overall","Overall","Overall","Overall",115.49820000000005,0.018113715289715282
"2026-05-10 00:00:00","1.Sunday","Shiva : Ek Pretyodha","Overall","Overall","Overall","Overall",105.21765999999998,0.31668473884400283
"2026-05-10 00:00:00","1.Sunday","The Return of Zombie  Father | द रिटर्न ऑफ़ ज़ॉम्बी फ़ादर","Overall","Overall","Overall","Overall",11.038449999999997,0.33452901678309144
"2026-05-10 00:00:00","1.Sunday","Yakshini | यक्षिणी","Overall","Overall","Overall","Overall",25.891659999999998,0.125453749598466
"2026-05-09 00:00:00","7.Saturday","Ameerzada Commander","Overall","Overall","Overall","Overall",68.03161000000001,0.029323916773044356
"2026-05-09 00:00:00","7.Saturday","Commander Vikram Chauhan । कमांडर विक्रम चौहान","Overall","Overall","Overall","Overall",24.62881999999999,-0.428821565094618
"2026-05-09 00:00:00","7.Saturday","Detective Vikrant","Overall","Overall","Overall","Overall",9.907130000000004,0.19746055152324615
"2026-05-09 00:00:00","7.Saturday","Secret Fauji | सीक्रेट फौजी","Overall","Overall","Overall","Overall",114.49761999999991,0.018577278618078008
"2026-05-09 00:00:00","7.Saturday","Shiva : Ek Pretyodha","Overall","Overall","Overall","Overall",114.33330000000001,0.3968574607543014
"2026-05-09 00:00:00","7.Saturday","The Return of Zombie  Father | द रिटर्न ऑफ़ ज़ॉम्बी फ़ादर","Overall","Overall","Overall","Overall",7.05021,-0.3760163770908358
"2026-05-09 00:00:00","7.Saturday","Yakshini | यक्षिणी","Overall","Overall","Overall","Overall",14.634799999999995,0.09267520560269649
"2026-05-08 00:00:00","6.Friday","Ameerzada Commander","Overall","Overall","Overall","Overall",82.24054000000001,0.48705776414811175
"2026-05-08 00:00:00","6.Friday","Commander Vikram Chauhan । कमांडर विक्रम चौहान","Overall","Overall","Overall","Overall",31.78673,0.48474372807570676
"2026-05-08 00:00:00","6.Friday","Detective Vikrant","Overall","Overall","Overall","Overall",4.96678,0.08640673702630286
"2026-05-08 00:00:00","6.Friday","Secret Fauji | सीक्रेट फौजी","Overall","Overall","Overall","Overall",113.72293000000006,0.18905783396090525
"2026-05-08 00:00:00","6.Friday","Shiva : Ek Pretyodha","Overall","Overall","Overall","Overall",98.85511,0.5485456093991319
"2026-05-08 00:00:00","6.Friday","The Return of Zombie  Father | द रिटर्न ऑफ़ ज़ॉम्बी फ़ादर","Overall","Overall","Overall","Overall",3.43752,-0.6732348845278213
"2026-05-08 00:00:00","6.Friday","Yakshini | यक्षिणी","Overall","Overall","Overall","Overall",16.358089999999997,0.10322420524524278
"2026-05-07 00:00:00","5.Thursday","Ameerzada Commander","Overall","Overall","Overall","Overall",67.49211,0.14297822803777271
"2026-05-07 00:00:00","5.Thursday","Commander Vikram Chauhan । कमांडर विक्रम चौहान","Overall","Overall","Overall","Overall",30.60641999999999,-0.37103379737603526
"2026-05-07 00:00:00","5.Thursday","Detective Vikrant","Overall","Overall","Overall","Overall",4.655550000000001,0.4599555322798645
"2026-05-07 00:00:00","5.Thursday","Secret Fauji | सीक्रेट फौजी","Overall","Overall","Overall","Overall",127.83753,0.11280417184277658
"2026-05-07 00:00:00","5.Thursday","Shiva : Ek Pretyodha","Overall","Overall","Overall","Overall",91.44535999999998,0.3696997456827551
"2026-05-07 00:00:00","5.Thursday","The Return of Zombie  Father | द रिटर्न ऑफ़ ज़ॉम्बी फ़ादर","Overall","Overall","Overall","Overall",5.643880000000003,-0.40118492362929514
"2026-05-07 00:00:00","5.Thursday","Yakshini | यक्षिणी","Overall","Overall","Overall","Overall",27.335550000000005,0.06591250373851554
"2026-05-06 00:00:00","4.Wednesday","Ameerzada Commander","Overall","Overall","Overall","Overall",42.620999999999995,-0.25597220173468593
"2026-05-06 00:00:00","4.Wednesday","Commander Vikram Chauhan । कमांडर विक्रम चौहान","Overall","Overall","Overall","Overall",29.129109999999997,-0.2780496086527644
"2026-05-06 00:00:00","4.Wednesday","Detective Vikrant","Overall","Overall","Overall","Overall",3.1374899999999997,-0.5120096556293658
"2026-05-06 00:00:00","4.Wednesday","Secret Fauji | सीक्रेट फौजी","Overall","Overall","Overall","Overall",106.28379999999999,-0.016248170572099374
"2026-05-06 00:00:00","4.Wednesday","Shiva : Ek Pretyodha","Overall","Overall","Overall","Overall",88.18401999999999,0.02280372539679343
"2026-05-06 00:00:00","4.Wednesday","The Return of Zombie  Father | द रिटर्न ऑफ़ ज़ॉम्बी फ़ादर","Overall","Overall","Overall","Overall",7.01548,-0.40799235801227296
"2026-05-06 00:00:00","4.Wednesday","Yakshini | यक्षिणी","Overall","Overall","Overall","Overall",13.876250000000002,-0.5433600996191554
"2026-05-05 00:00:00","3.Tuesday","Ameerzada Commander","Overall","Overall","Overall","Overall",42.53138999999999,-0.295864493856855
"2026-05-05 00:00:00","3.Tuesday","Commander Vikram Chauhan । कमांडर विक्रम चौहान","Overall","Overall","Overall","Overall",32.904669999999996,0.0010188256095460257
"2026-05-05 00:00:00","3.Tuesday","Detective Vikrant","Overall","Overall","Overall","Overall",7.116369999999998,1.00237762946122
"2026-05-05 00:00:00","3.Tuesday","Secret Fauji | सीक्रेट फौजी","Overall","Overall","Overall","Overall",108.33043000000002,-0.24738161678711013
"2026-05-05 00:00:00","3.Tuesday","Shiva : Ek Pretyodha","Overall","Overall","Overall","Overall",70.73707000000002,0.22220563519918346
"2026-05-05 00:00:00","3.Tuesday","The Return of Zombie  Father | द रिटर्न ऑफ़ ज़ॉम्बी फ़ादर","Overall","Overall","Overall","Overall",10.18455,-0.19773338836933796
"2026-05-05 00:00:00","3.Tuesday","Yakshini | यक्षिणी","Overall","Overall","Overall","Overall",29.592869999999987,-0.17204074541001446
"2026-05-04 00:00:00","2.Monday","Ameerzada Commander","Overall","Overall","Overall","Overall",36.639390000000006,-0.3981228809104528
"2026-05-04 00:00:00","2.Monday","Commander Vikram Chauhan । कमांडर विक्रम चौहान","Overall","Overall","Overall","Overall",31.375999999999987,-0.12384927727897399
"2026-05-04 00:00:00","2.Monday","Detective Vikrant","Overall","Overall","Overall","Overall",6.607550000000001,0.6043233242444621
"2026-05-04 00:00:00","2.Monday","Secret Fauji | सीक्रेट फौजी","Overall","Overall","Overall","Overall",102.12950999999998,-0.05128386627692372
"2026-05-04 00:00:00","2.Monday","Shiva : Ek Pretyodha","Overall","Overall","Overall","Overall",82.84632,0.3517852189548776
"2026-05-04 00:00:00","2.Monday","The Return of Zombie  Father | द रिटर्न ऑफ़ ज़ॉम्बी फ़ादर","Overall","Overall","Overall","Overall",3.9139199999999996,-0.7462910348931502
"2026-05-04 00:00:00","2.Monday","Yakshini | यक्षिणी","Overall","Overall","Overall","Overall",13.38993,-0.35290120697362515
"2026-05-03 00:00:00","1.Sunday","Ameerzada Commander","Overall","Overall","Overall","Overall",50.91663000000001,-0.15116158688607928
"2026-05-03 00:00:00","1.Sunday","Commander Vikram Chauhan । कमांडर विक्रम चौहान","Overall","Overall","Overall","Overall",38.997240000000005,0.22493157173612732
"2026-05-03 00:00:00","1.Sunday","Detective Vikrant","Overall","Overall","Overall","Overall",7.340369999999998,1.09017184674744
"2026-05-03 00:00:00","1.Sunday","Secret Fauji | सीक्रेट फौजी","Overall","Overall","Overall","Overall",113.44332,0.1988571455142134
"2026-05-03 00:00:00","1.Sunday","Shiva : Ek Pretyodha","Overall","Overall","Overall","Overall",79.91104999999995,0.3305785784492392
"2026-05-03 00:00:00","1.Sunday","The Return of Zombie  Father | द रिटर्न ऑफ़ ज़ॉम्बी फ़ादर","Overall","Overall","Overall","Overall",8.271419999999999,-0.23167340114253887
"2026-05-03 00:00:00","1.Sunday","Yakshini | यक्षिणी","Overall","Overall","Overall","Overall",23.00553,-0.3670421588909061
"2026-05-02 00:00:00","7.Saturday","Ameerzada Commander","Overall","Overall","Overall","Overall",66.09348999999997,0.2950569410916384
"2026-05-02 00:00:00","7.Saturday","Commander Vikram Chauhan । कमांडर विक्रम चौहान","Overall","Overall","Overall","Overall",43.119310000000006,0.10653296017187475
"2026-05-02 00:00:00","7.Saturday","Detective Vikrant","Overall","Overall","Overall","Overall",8.273450000000002,5.6137864326026845
"2026-05-02 00:00:00","7.Saturday","Secret Fauji | सीक्रेट फौजी","Overall","Overall","Overall","Overall",112.40936000000008,-0.11412095765637864
"2026-05-02 00:00:00","7.Saturday","Shiva : Ek Pretyodha","Overall","Overall","Overall","Overall",81.85036999999997,0.1600730594694555
"2026-05-02 00:00:00","7.Saturday","The Return of Zombie  Father | द रिटर्न ऑफ़ ज़ॉम्बी फ़ादर","Overall","Overall","Overall","Overall",11.298709999999996,1.6431833175036128
"2026-05-02 00:00:00","7.Saturday","Yakshini | यक्षिणी","Overall","Overall","Overall","Overall",13.39355,-0.7131233041492067
"2026-05-01 00:00:00","6.Friday","Ameerzada Commander","Overall","Overall","Overall","Overall",55.3042,0.01205572435086455
"2026-05-01 00:00:00","6.Friday","Commander Vikram Chauhan । कमांडर विक्रम चौहान","Overall","Overall","Overall","Overall",21.4089,-0.46780092295668285
"2026-05-01 00:00:00","6.Friday","Detective Vikrant","Overall","Overall","Overall","Overall",4.57175,-0.21969007781337424
"2026-05-01 00:00:00","6.Friday","Secret Fauji | सीक्रेट फौजी","Overall","Overall","Overall","Overall",95.64120999999999,-0.3150809685938806
"2026-05-01 00:00:00","6.Friday","Shiva : Ek Pretyodha","Overall","Overall","Overall","Overall",63.83738999999997,-0.21774672436428977
"2026-05-01 00:00:00","6.Friday","The Return of Zombie  Father | द रिटर्न ऑफ़ ज़ॉम्बी फ़ादर","Overall","Overall","Overall","Overall",10.519850000000002,0.04995962787782382
"2026-05-01 00:00:00","6.Friday","Yakshini | यक्षिणी","Overall","Overall","Overall","Overall",14.827530000000003,-0.26010550866614157
"2026-04-30 00:00:00","5.Thursday","Ameerzada Commander","Overall","Overall","Overall","Overall",59.049340000000015,0.15715995088335144
"2026-04-30 00:00:00","5.Thursday","Commander Vikram Chauhan । कमांडर विक्रम चौहान","Overall","Overall","Overall","Overall",48.661470000000016,0.42925364138800903
"2026-04-30 00:00:00","5.Thursday","Detective Vikrant","Overall","Overall","Overall","Overall",3.1888300000000003,-0.6631593513385614
"2026-04-30 00:00:00","5.Thursday","Secret Fauji | सीक्रेट फौजी","Overall","Overall","Overall","Overall",114.87873000000006,-0.3350562366429498
"2026-04-30 00:00:00","5.Thursday","Shiva : Ek Pretyodha","Overall","Overall","Overall","Overall",66.76307,-0.18389478936628123
"2026-04-30 00:00:00","5.Thursday","The Return of Zombie  Father | द रिटर्न ऑफ़ ज़ॉम्बी फ़ादर","Overall","Overall","Overall","Overall",9.42508,1.5595494144995539
"2026-04-30 00:00:00","5.Thursday","Yakshini | यक्षिणी","Overall","Overall","Overall","Overall",25.64520999999999,0.21026943789119823
"2026-04-29 00:00:00","4.Wednesday","Ameerzada Commander","Overall","Overall","Overall","Overall",57.284150000000004,0.305419331021062
"2026-04-29 00:00:00","4.Wednesday","Commander Vikram Chauhan । कमांडर विक्रम चौहान","Overall","Overall","Overall","Overall",40.34780000000001,0.02909841982057282
"2026-04-29 00:00:00","4.Wednesday","Detective Vikrant","Overall","Overall","Overall","Overall",6.429410000000001,-0.6369195756708146
"2026-04-29 00:00:00","4.Wednesday","Secret Fauji | सीक्रेट फौजी","Overall","Overall","Overall","Overall",108.03923999999996,-0.3665011372451754
"2026-04-29 00:00:00","4.Wednesday","Shiva : Ek Pretyodha","Overall","Overall","Overall","Overall",86.21793000000002,0.11383565142540664
"2026-04-29 00:00:00","4.Wednesday","The Return of Zombie  Father | द रिटर्न ऑफ़ ज़ॉम्बी फ़ादर","Overall","Overall","Overall","Overall",11.850319999999998,2.1290038946465106
"2026-04-29 00:00:00","4.Wednesday","Yakshini | यक्षिणी","Overall","Overall","Overall","Overall",30.38773,0.5559218796162084
"2026-04-28 00:00:00","3.Tuesday","Ameerzada Commander","Overall","Overall","Overall","Overall",60.40228000000003,0.43965636413732234
"2026-04-28 00:00:00","3.Tuesday","Commander Vikram Chauhan । कमांडर विक्रम चौहान","Overall","Overall","Overall","Overall",32.871179999999995,-0.028782692092914508
"2026-04-28 00:00:00","3.Tuesday","Detective Vikrant","Overall","Overall","Overall","Overall",3.55396,-0.8067448650053644
"2026-04-28 00:00:00","3.Tuesday","Secret Fauji | सीक्रेट फौजी","Overall","Overall","Overall","Overall",143.93806000000012,-0.10979492352383469
"2026-04-28 00:00:00","3.Tuesday","Shiva : Ek Pretyodha","Overall","Overall","Overall","Overall",57.87657000000001,-0.3435942319064317
"2026-04-28 00:00:00","3.Tuesday","The Return of Zombie  Father | द रिटर्न ऑफ़ ज़ॉम्बी फ़ादर","Overall","Overall","Overall","Overall",12.694720000000002,1.7767443895183517
"2026-04-28 00:00:00","3.Tuesday","Yakshini | यक्षिणी","Overall","Overall","Overall","Overall",35.74194,2.459769057946535
"2026-04-27 00:00:00","2.Monday","Ameerzada Commander","Overall","Overall","Overall","Overall",60.87520000000001,0.8237771221355941
"2026-04-27 00:00:00","2.Monday","Commander Vikram Chauhan । कमांडर विक्रम चौहान","Overall","Overall","Overall","Overall",35.81119000000001,0.01434624851648647
"2026-04-27 00:00:00","2.Monday","Detective Vikrant","Overall","Overall","Overall","Overall",4.118590000000001,-0.7502116649846678
"2026-04-27 00:00:00","2.Monday","Secret Fauji | सीक्रेट फौजी","Overall","Overall","Overall","Overall",107.65023000000006,-0.42439926982008536
"2026-04-27 00:00:00","2.Monday","Shiva : Ek Pretyodha","Overall","Overall","Overall","Overall",61.28660000000001,-0.29606315636649616
"2026-04-27 00:00:00","2.Monday","The Return of Zombie  Father | द रिटर्न ऑफ़ ज़ॉम्बी फ़ादर","Overall","Overall","Overall","Overall",15.426809999999994,2.9320103278032503
"2026-04-27 00:00:00","2.Monday","Yakshini | यक्षिणी","Overall","Overall","Overall","Overall",20.69224999999999,0.5748053968321616
"2026-04-26 00:00:00","1.Sunday","Ameerzada Commander","Overall","Overall","Overall","Overall",59.98389000000004,0.3056242462076124
"2026-04-26 00:00:00","1.Sunday","Commander Vikram Chauhan । कमांडर विक्रम चौहान","Overall","Overall","Overall","Overall",31.836260000000003,-0.13202747739298493
"2026-04-26 00:00:00","1.Sunday","Detective Vikrant","Overall","Overall","Overall","Overall",3.511850000000001,-0.8405180478429961
"2026-04-26 00:00:00","1.Sunday","Secret Fauji | सीक्रेट फौजी","Overall","Overall","Overall","Overall",94.62622000000002,-0.4750909530145201
"2026-04-26 00:00:00","1.Sunday","Shiva : Ek Pretyodha","Overall","Overall","Overall","Overall",60.05736999999997,-0.2755819661947573
"2026-04-26 00:00:00","1.Sunday","The Return of Zombie  Father | द रिटर्न ऑफ़ ज़ॉम्बी फ़ादर","Overall","Overall","Overall","Overall",10.765500000000001,3.9384839810635253
"2026-04-26 00:00:00","1.Sunday","Yakshini | यक्षिणी","Overall","Overall","Overall","Overall",36.34606999999999,1.0227029126732279
"2026-04-25 00:00:00","7.Saturday","Ameerzada Commander","Overall","Overall","Overall","Overall",51.035199999999996,0.29617518703479373
"2026-04-25 00:00:00","7.Saturday","Commander Vikram Chauhan । कमांडर विक्रम चौहान","Overall","Overall","Overall","Overall",38.96794,0.26683274745587826
"2026-04-25 00:00:00","7.Saturday","Detective Vikrant","Overall","Overall","Overall","Overall",1.25094,-0.9266250170835242
"2026-04-25 00:00:00","7.Saturday","Secret Fauji | सीक्रेट फौजी","Overall","Overall","Overall","Overall",126.8901899999999,-0.19860986903931843
"2026-04-25 00:00:00","7.Saturday","Shiva : Ek Pretyodha","Overall","Overall","Overall","Overall",70.55621999999998,-0.21266239708044632
"2026-04-25 00:00:00","7.Saturday","The Return of Zombie  Father | द रिटर्न ऑफ़ ज़ॉम्बी फ़ादर","Overall","Overall","Overall","Overall",4.274660000000001,-0.05458832063837471
"2026-04-25 00:00:00","7.Saturday","Yakshini | यक्षिणी","Overall","Overall","Overall","Overall",46.687480000000015,1.2051198003429962
"2026-04-24 00:00:00","6.Friday","Ameerzada Commander","Overall","Overall","Overall","Overall",54.64541000000002,-0.00033587145562674614
"2026-04-24 00:00:00","6.Friday","Commander Vikram Chauhan । कमांडर विक्रम चौहान","Overall","Overall","Overall","Overall",40.22723999999998,0.15667676587894208
"2026-04-24 00:00:00","6.Friday","Detective Vikrant","Overall","Overall","Overall","Overall",5.85889,-0.6837762114718148
"2026-04-24 00:00:00","6.Friday","Secret Fauji | सीक्रेट फौजी","Overall","Overall","Overall","Overall",139.63870999999997,-0.21471399106461797
"2026-04-24 00:00:00","6.Friday","Shiva : Ek Pretyodha","Overall","Overall","Overall","Overall",81.60706000000003,-0.162342892575972
"2026-04-24 00:00:00","6.Friday","The Return of Zombie  Father | द रिटर्न ऑफ़ ज़ॉम्बी फ़ादर","Overall","Overall","Overall","Overall",10.01929,2.765277323682716
"2026-04-24 00:00:00","6.Friday","Yakshini | यक्षिणी","Overall","Overall","Overall","Overall",20.04006,0.1829039023316239
"2026-04-23 00:00:00","5.Thursday","Ameerzada Commander","Overall","Overall","Overall","Overall",51.02954,0.016338035125819328
"2026-04-23 00:00:00","5.Thursday","Commander Vikram Chauhan । कमांडर विक्रम चौहान","Overall","Overall","Overall","Overall",34.046769999999995,-0.31158538829256555
"2026-04-23 00:00:00","5.Thursday","Detective Vikrant","Overall","Overall","Overall","Overall",9.46688,-0.4932671169707621
"2026-04-23 00:00:00","5.Thursday","Secret Fauji | सीक्रेट फौजी","Overall","Overall","Overall","Overall",172.76457999999985,-0.016747013425463253
"2026-04-23 00:00:00","5.Thursday","Shiva : Ek Pretyodha","Overall","Overall","Overall","Overall",81.80694000000001,-0.08312441999650233
"2026-04-23 00:00:00","5.Thursday","The Return of Zombie  Father | द रिटर्न ऑफ़ ज़ॉम्बी फ़ादर","Overall","Overall","Overall","Overall",3.6823200000000007,0.41662563092453553
"2026-04-23 00:00:00","5.Thursday","Yakshini | यक्षिणी","Overall","Overall","Overall","Overall",21.189670000000003,-0.09613725960246478
"2026-04-22 00:00:00","4.Wednesday","Ameerzada Commander","Overall","Overall","Overall","Overall",43.88179999999998,-0.07097930811968545
"2026-04-22 00:00:00","4.Wednesday","Commander Vikram Chauhan । कमांडर विक्रम चौहान","Overall","Overall","Overall","Overall",39.206939999999996,-0.23580992343469154
"2026-04-22 00:00:00","4.Wednesday","Detective Vikrant","Overall","Overall","Overall","Overall",17.707950000000004,0.4281998485336074
"2026-04-22 00:00:00","4.Wednesday","Secret Fauji | सीक्रेट फौजी","Overall","Overall","Overall","Overall",170.54369999999997,-0.009696218972819692
"2026-04-22 00:00:00","4.Wednesday","Shiva : Ek Pretyodha","Overall","Overall","Overall","Overall",77.40633000000003,-0.04169297462402477
"2026-04-22 00:00:00","4.Wednesday","The Return of Zombie  Father | द रिटर्न ऑफ़ ज़ॉम्बी फ़ादर","Overall","Overall","Overall","Overall",3.7872500000000002,5.648147172924676
"2026-04-22 00:00:00","4.Wednesday","Yakshini | यक्षिणी","Overall","Overall","Overall","Overall",19.530369999999994,0.1295107281244574
"2026-04-21 00:00:00","3.Tuesday","Ameerzada Commander","Overall","Overall","Overall","Overall",41.95603999999998,-0.3060080465011884
"2026-04-21 00:00:00","3.Tuesday","Commander Vikram Chauhan । कमांडर विक्रम चौहान","Overall","Overall","Overall","Overall",33.84534,-0.2923216467736717
"2026-04-21 00:00:00","3.Tuesday","Detective Vikrant","Overall","Overall","Overall","Overall",18.389990000000004,0.26189347252824113
"2026-04-21 00:00:00","3.Tuesday","Secret Fauji | सीक्रेट फौजी","Overall","Overall","Overall","Overall",161.69090000000014,-0.07879120120309646
"2026-04-21 00:00:00","3.Tuesday","Shiva : Ek Pretyodha","Overall","Overall","Overall","Overall",88.17193999999998,0.10766737193011222
"2026-04-21 00:00:00","3.Tuesday","The Return of Zombie  Father | द रिटर्न ऑफ़ ज़ॉम्बी फ़ादर","Overall","Overall","Overall","Overall",4.5718000000000005,1.0607989325928804
"2026-04-21 00:00:00","3.Tuesday","Yakshini | यक्षिणी","Overall","Overall","Overall","Overall",10.330729999999997,-0.70085682681616
"2026-04-20 00:00:00","2.Monday","Ameerzada Commander","Overall","Overall","Overall","Overall",33.37863999999999,-0.28277531279941537
"2026-04-20 00:00:00","2.Monday","Commander Vikram Chauhan । कमांडर विक्रम चौहान","Overall","Overall","Overall","Overall",35.30470000000001,-0.07000115114842131
"2026-04-20 00:00:00","2.Monday","Detective Vikrant","Overall","Overall","Overall","Overall",16.488319999999998,0.4380924886244797
"2026-04-20 00:00:00","2.Monday","Secret Fauji | सीक्रेट फौजी","Overall","Overall","Overall","Overall",187.02239999999998,0.07085576493145229
"2026-04-20 00:00:00","2.Monday","Shiva : Ek Pretyodha","Overall","Overall","Overall","Overall",87.06263999999996,0.021233050491087146
"2026-04-20 00:00:00","2.Monday","The Return of Zombie  Father | द रिटर्न ऑफ़ ज़ॉम्बी फ़ादर","Overall","Overall","Overall","Overall",3.92339,11.502437780822792
"2026-04-20 00:00:00","2.Monday","Yakshini | यक्षिणी","Overall","Overall","Overall","Overall",13.139559999999996,-0.3708234253060039
"2026-04-19 00:00:00","1.Sunday","Ameerzada Commander","Overall","Overall","Overall","Overall",45.94269000000002,0.0023425166443702405
"2026-04-19 00:00:00","1.Sunday","Commander Vikram Chauhan । कमांडर विक्रम चौहान","Overall","Overall","Overall","Overall",36.678880000000014,-0.19742450297550562
"2026-04-19 00:00:00","1.Sunday","Detective Vikrant","Overall","Overall","Overall","Overall",22.020359999999997,0.609701325606113
"2026-04-19 00:00:00","1.Sunday","Secret Fauji | सीक्रेट फौजी","Overall","Overall","Overall","Overall",180.27165000000005,0.05823167800183815
"2026-04-19 00:00:00","1.Sunday","Shiva : Ek Pretyodha","Overall","Overall","Overall","Overall",82.90429999999998,0.2635924401768017
"2026-04-19 00:00:00","1.Sunday","The Return of Zombie  Father | द रिटर्न ऑफ़ ज़ॉम्बी फ़ादर","Overall","Overall","Overall","Overall",2.17992,305.16853932584274
"2026-04-19 00:00:00","1.Sunday","Yakshini | यक्षिणी","Overall","Overall","Overall","Overall",17.96906,-0.028571335895112515
"2026-04-18 00:00:00","7.Saturday","Ameerzada Commander","Overall","Overall","Overall","Overall",39.37369,-0.21125189856732485
"2026-04-18 00:00:00","7.Saturday","Commander Vikram Chauhan । कमांडर विक्रम चौहान","Overall","Overall","Overall","Overall",30.76013000000001,-0.23647087208260353
"2026-04-18 00:00:00","7.Saturday","Detective Vikrant","Overall","Overall","Overall","Overall",17.04859,0.055275638510037695
"2026-04-18 00:00:00","7.Saturday","Secret Fauji | सीक्रेट फौजी","Overall","Overall","Overall","Overall",158.33759999999987,-0.12270935658449289
"2026-04-18 00:00:00","7.Saturday","Shiva : Ek Pretyodha","Overall","Overall","Overall","Overall",89.61368000000004,0.23158393110779696
"2026-04-18 00:00:00","7.Saturday","The Return of Zombie  Father | द रिटर्न ऑफ़ ज़ॉम्बी फ़ादर","Overall","Overall","Overall","Overall",4.5214799999999995,2.8161746088013357
"2026-04-18 00:00:00","7.Saturday","Yakshini | यक्षिणी","Overall","Overall","Overall","Overall",21.172309999999996,0.16296356921102806
"2026-04-17 00:00:00","6.Friday","Ameerzada Commander","Overall","Overall","Overall","Overall",54.663769999999964,-0.049286883898734146
"2026-04-17 00:00:00","6.Friday","Commander Vikram Chauhan । कमांडर विक्रम चौहान","Overall","Overall","Overall","Overall",34.77829000000003,-0.23819294336590657
"2026-04-17 00:00:00","6.Friday","Detective Vikrant","Overall","Overall","Overall","Overall",18.527669999999993,-0.11278313223588121
"2026-04-17 00:00:00","6.Friday","Secret Fauji | सीक्रेट फौजी","Overall","Overall","Overall","Overall",177.81892,-0.001561116010127539
"2026-04-17 00:00:00","6.Friday","Shiva : Ek Pretyodha","Overall","Overall","Overall","Overall",97.42299000000003,0.2344104084642833
"2026-04-17 00:00:00","6.Friday","The Return of Zombie  Father | द रिटर्न ऑफ़ ज़ॉम्बी फ़ादर","Overall","Overall","Overall","Overall",2.6609700000000007,0.9806547175990719
"2026-04-17 00:00:00","6.Friday","Yakshini | यक्षिणी","Overall","Overall","Overall","Overall",16.941410000000005,-0.33384359131442054
"2026-04-16 00:00:00","5.Thursday","Ameerzada Commander","Overall","Overall","Overall","Overall",50.20922000000001,0.06767974128618626
"2026-04-16 00:00:00","5.Thursday","Commander Vikram Chauhan । कमांडर विक्रम चौहान","Overall","Overall","Overall","Overall",49.45677999999998,-0.007842685683518424
"2026-04-16 00:00:00","5.Thursday","Detective Vikrant","Overall","Overall","Overall","Overall",18.682190000000002,-0.20355145422215337
"2026-04-16 00:00:00","5.Thursday","Secret Fauji | सीक्रेट फौजी","Overall","Overall","Overall","Overall",175.70714999999973,-0.03887023657052446
"2026-04-16 00:00:00","5.Thursday","Shiva : Ek Pretyodha","Overall","Overall","Overall","Overall",89.22359999999993,0.14551306181412516
"2026-04-16 00:00:00","5.Thursday","The Return of Zombie  Father | द रिटर्न ऑफ़ ज़ॉम्बी फ़ादर","Overall","Overall","Overall","Overall",2.59936,1.5718412981102206
"2026-04-16 00:00:00","5.Thursday","Yakshini | यक्षिणी","Overall","Overall","Overall","Overall",23.44346,0.28774488397450115
"2026-04-15 00:00:00","4.Wednesday","Ameerzada Commander","Overall","Overall","Overall","Overall",47.234470000000016,0.545224536877255
"2026-04-15 00:00:00","4.Wednesday","Commander Vikram Chauhan । कमांडर विक्रम चौहान","Overall","Overall","Overall","Overall",51.30522,0.06693759549211742
"2026-04-15 00:00:00","4.Wednesday","Detective Vikrant","Overall","Overall","Overall","Overall",12.398789999999998,-0.29383210358899314
"2026-04-15 00:00:00","4.Wednesday","Secret Fauji | सीक्रेट फौजी","Overall","Overall","Overall","Overall",172.21352000000005,0.02353518176486502
"2026-04-15 00:00:00","4.Wednesday","Shiva : Ek Pretyodha","Overall","Overall","Overall","Overall",80.77403999999999,0.196477138386687
"2026-04-15 00:00:00","4.Wednesday","The Return of Zombie  Father | द रिटर्न ऑफ़ ज़ॉम्बी फ़ादर","Overall","Overall","Overall","Overall",0.56967,-0.1340953654866316
"2026-04-15 00:00:00","4.Wednesday","Yakshini | यक्षिणी","Overall","Overall","Overall","Overall",17.291,-0.18955035066676618
"2026-04-14 00:00:00","3.Tuesday","Ameerzada Commander","Overall","Overall","Overall","Overall",60.45609000000002,9.251538423711315
"2026-04-14 00:00:00","3.Tuesday","Commander Vikram Chauhan । कमांडर विक्रम चौहान","Overall","Overall","Overall","Overall",47.82588000000001,0.21318479946100855
"2026-04-14 00:00:00","3.Tuesday","Detective Vikrant","Overall","Overall","Overall","Overall",14.57333000000001,0.12101589909623933
"2026-04-14 00:00:00","3.Tuesday","Secret Fauji | सीक्रेट फौजी","Overall","Overall","Overall","Overall",175.52036000000007,-0.15063286238848284
"2026-04-14 00:00:00","3.Tuesday","Shiva : Ek Pretyodha","Overall","Overall","Overall","Overall",79.60146000000002,0.27069446009725495
"2026-04-14 00:00:00","3.Tuesday","The Return of Zombie  Father | द रिटर्न ऑफ़ ज़ॉम्बी फ़ादर","Overall","Overall","Overall","Overall",2.2184599999999994,0.6149875879942046
"2026-04-14 00:00:00","3.Tuesday","Yakshini | यक्षिणी","Overall","Overall","Overall","Overall",34.53439999999998,0.8614789784245787
"2026-04-13 00:00:00","2.Monday","Ameerzada Commander","Overall","Overall","Overall","Overall",46.538609999999984,8.40553961196443
"2026-04-13 00:00:00","2.Monday","Commander Vikram Chauhan । कमांडर विक्रम चौहान","Overall","Overall","Overall","Overall",37.96208999999998,-0.07206318422711566
"2026-04-13 00:00:00","2.Monday","Detective Vikrant","Overall","Overall","Overall","Overall",11.465410000000002,-0.16085593293528155
"2026-04-13 00:00:00","2.Monday","Secret Fauji | सीक्रेट फौजी","Overall","Overall","Overall","Overall",174.64761000000001,0.001350078039292546
"2026-04-13 00:00:00","2.Monday","Shiva : Ek Pretyodha","Overall","Overall","Overall","Overall",85.25247000000006,0.40544598248626107
"2026-04-13 00:00:00","2.Monday","The Return of Zombie  Father | द रिटर्न ऑफ़ ज़ॉम्बी फ़ादर","Overall","Overall","Overall","Overall",0.31381,-0.7807885214524218
"2026-04-13 00:00:00","2.Monday","Yakshini | यक्षिणी","Overall","Overall","Overall","Overall",20.883740000000003,-0.08179043421599919
"2026-04-12 00:00:00","1.Sunday","Ameerzada Commander","Overall","Overall","Overall","Overall",45.83531999999999,17.70127135932629
"2026-04-12 00:00:00","1.Sunday","Commander Vikram Chauhan । कमांडर विक्रम चौहान","Overall","Overall","Overall","Overall",45.70146999999999,0.0615663104533275
"2026-04-12 00:00:00","1.Sunday","Detective Vikrant","Overall","Overall","Overall","Overall",13.679780000000003,-0.4166327998365861
"2026-04-12 00:00:00","1.Sunday","Secret Fauji | सीक्रेट फौजी","Overall","Overall","Overall","Overall",170.35178000000008,0.017447352502435676
"2026-04-12 00:00:00","1.Sunday","Shiva : Ek Pretyodha","Overall","Overall","Overall","Overall",65.61000000000001,-0.0468417498712852
"2026-04-12 00:00:00","1.Sunday","The Return of Zombie  Father | द रिटर्न ऑफ़ ज़ॉम्बी फ़ादर","Overall","Overall","Overall","Overall",0.00712,-0.9979828542612204
"2026-04-12 00:00:00","1.Sunday","Yakshini | यक्षिणी","Overall","Overall","Overall","Overall",18.497559999999996,0.49573618525640284
"2026-04-11 00:00:00","7.Saturday","Ameerzada Commander","Overall","Overall","Overall","Overall",49.919219999999974,20.634027320320346
"2026-04-11 00:00:00","7.Saturday","Commander Vikram Chauhan । कमांडर विक्रम चौहान","Overall","Overall","Overall","Overall",40.28678,0.19918083657659946
"2026-04-11 00:00:00","7.Saturday","Detective Vikrant","Overall","Overall","Overall","Overall",16.155580000000004,-0.5374485714531123
"2026-04-11 00:00:00","7.Saturday","Secret Fauji | सीक्रेट फौजी","Overall","Overall","Overall","Overall",180.48477000000005,0.20148748047584486
"2026-04-11 00:00:00","7.Saturday","Shiva : Ek Pretyodha","Overall","Overall","Overall","Overall",72.76294999999998,0.22069654388784765
"2026-04-11 00:00:00","7.Saturday","The Return of Zombie  Father | द रिटर्न ऑफ़ ज़ॉम्बी फ़ादर","Overall","Overall","Overall","Overall",1.1848200000000002,-0.672859805342721
"2026-04-11 00:00:00","7.Saturday","Yakshini | यक्षिणी","Overall","Overall","Overall","Overall",18.20548000000001,0.009641951194624188
"2026-04-10 00:00:00","6.Friday","Ameerzada Commander","Overall","Overall","Overall","Overall",57.497650000000014,51.07460104696869
"2026-04-10 00:00:00","6.Friday","Commander Vikram Chauhan । कमांडर विक्रम चौहान","Overall","Overall","Overall","Overall",45.65236000000001,0.17530287263670874
"2026-04-10 00:00:00","6.Friday","Detective Vikrant","Overall","Overall","Overall","Overall",20.88291,-0.008176652939173579
"2026-04-10 00:00:00","6.Friday","Secret Fauji | सीक्रेट फौजी","Overall","Overall","Overall","Overall",178.09694999999988,0.01003736861987492
"2026-04-10 00:00:00","6.Friday","Shiva : Ek Pretyodha","Overall","Overall","Overall","Overall",78.92269000000002,0.04042997875971044
"2026-04-10 00:00:00","6.Friday","The Return of Zombie  Father | द रिटर्न ऑफ़ ज़ॉम्बी फ़ादर","Overall","Overall","Overall","Overall",1.3434799999999998,-0.6243169933726685
"2026-04-10 00:00:00","6.Friday","Yakshini | यक्षिणी","Overall","Overall","Overall","Overall",25.431579999999993,0.10338983859750184
"2026-04-09 00:00:00","5.Thursday","Ameerzada Commander","Overall","Overall","Overall","Overall",47.02647999999999,13.105588366742749
"2026-04-09 00:00:00","5.Thursday","Commander Vikram Chauhan । कमांडर विक्रम चौहान","Overall","Overall","Overall","Overall",49.84772000000002,0.5631203378626699
"2026-04-09 00:00:00","5.Thursday","Detective Vikrant","Overall","Overall","Overall","Overall",23.456870000000006,1.0269142032542105
"2026-04-09 00:00:00","5.Thursday","Secret Fauji | सीक्रेट फौजी","Overall","Overall","Overall","Overall",182.81314000000015,0.07641819680173745
"2026-04-09 00:00:00","5.Thursday","Shiva : Ek Pretyodha","Overall","Overall","Overall","Overall",77.88963999999999,0.1444777188744777
"2026-04-09 00:00:00","5.Thursday","The Return of Zombie  Father | द रिटर्न ऑफ़ ज़ॉम्बी फ़ादर","Overall","Overall","Overall","Overall",1.0107,-0.6582447977601796
"2026-04-09 00:00:00","5.Thursday","Yakshini | यक्षिणी","Overall","Overall","Overall","Overall",18.205050000000007,-0.10569738710105225
"2026-04-08 00:00:00","4.Wednesday","Ameerzada Commander","Overall","Overall","Overall","Overall",30.568029999999986,13.822587840524465
"2026-04-08 00:00:00","4.Wednesday","Commander Vikram Chauhan । कमांडर विक्रम चौहान","Overall","Overall","Overall","Overall",48.08642999999998,0.09578695718456798
"2026-04-08 00:00:00","4.Wednesday","Detective Vikrant","Overall","Overall","Overall","Overall",17.557850000000002,0.07757329745892338
"2026-04-08 00:00:00","4.Wednesday","Secret Fauji | सीक्रेट फौजी","Overall","Overall","Overall","Overall",168.25363999999988,0.06393009741594713
"2026-04-08 00:00:00","4.Wednesday","Shiva : Ek Pretyodha","Overall","Overall","Overall","Overall",67.50988999999997,-0.216076257290439
"2026-04-08 00:00:00","4.Wednesday","The Return of Zombie  Father | द रिटर्न ऑफ़ ज़ॉम्बी फ़ादर","Overall","Overall","Overall","Overall",0.6578900000000001,-0.49088784504306504
"2026-04-08 00:00:00","4.Wednesday","Yakshini | यक्षिणी","Overall","Overall","Overall","Overall",21.335070000000005,0.36234748271449546
"2026-04-07 00:00:00","3.Tuesday","Ameerzada Commander","Overall","Overall","Overall","Overall",5.897269999999999,0.3195831767001407
"2026-04-07 00:00:00","3.Tuesday","Commander Vikram Chauhan । कमांडर विक्रम चौहान","Overall","Overall","Overall","Overall",39.421760000000006,-0.11446699110800096
"2026-04-07 00:00:00","3.Tuesday","Detective Vikrant","Overall","Overall","Overall","Overall",13.000109999999998,-0.18081678177143745
"2026-04-07 00:00:00","3.Tuesday","Secret Fauji | सीक्रेट फौजी","Overall","Overall","Overall","Overall",206.64840000000027,0.10096089350234827
"2026-04-07 00:00:00","3.Tuesday","Shiva : Ek Pretyodha","Overall","Overall","Overall","Overall",62.644059999999975,-0.28663347783838944
"2026-04-07 00:00:00","3.Tuesday","The Return of Zombie  Father | द रिटर्न ऑफ़ ज़ॉम्बी फ़ादर","Overall","Overall","Overall","Overall",1.3736700000000002,-0.6459257502687125
"2026-04-07 00:00:00","3.Tuesday","Yakshini | यक्षिणी","Overall","Overall","Overall","Overall",18.55213,0.6118061015712215
"2026-04-06 00:00:00","2.Monday","Ameerzada Commander","Overall","Overall","Overall","Overall",4.947999999999999,1.1828224052514784
"2026-04-06 00:00:00","2.Monday","Commander Vikram Chauhan । कमांडर विक्रम चौहान","Overall","Overall","Overall","Overall",40.91020999999997,-0.16884440099404985
"2026-04-06 00:00:00","2.Monday","Detective Vikrant","Overall","Overall","Overall","Overall",13.663219999999999,0.1500010520955639
"2026-04-06 00:00:00","2.Monday","Secret Fauji | सीक्रेट फौजी","Overall","Overall","Overall","Overall",174.41214,0.05390187865478824
"2026-04-06 00:00:00","2.Monday","Shiva : Ek Pretyodha","Overall","Overall","Overall","Overall",60.65866,-0.3243798882183775
"2026-04-06 00:00:00","2.Monday","The Return of Zombie  Father | द रिटर्न ऑफ़ ज़ॉम्बी फ़ादर","Overall","Overall","Overall","Overall",1.4315399999999998,-0.35983078360962184
"2026-04-06 00:00:00","2.Monday","Yakshini | यक्षिणी","Overall","Overall","Overall","Overall",22.743980000000004,0.32929937608673465
"2026-04-05 00:00:00","1.Sunday","Ameerzada Commander","Overall","Overall","Overall","Overall",2.4509199999999995,1.0371029140415908
"2026-04-05 00:00:00","1.Sunday","Commander Vikram Chauhan । कमांडर विक्रम चौहान","Overall","Overall","Overall","Overall",43.05098,-0.2130035542911901
"2026-04-05 00:00:00","1.Sunday","Detective Vikrant","Overall","Overall","Overall","Overall",23.449689999999993,1.146098624831375
"2026-04-05 00:00:00","1.Sunday","Secret Fauji | सीक्रेट फौजी","Overall","Overall","Overall","Overall",167.43055999999987,-0.1281896887934516
"2026-04-05 00:00:00","1.Sunday","Shiva : Ek Pretyodha","Overall","Overall","Overall","Overall",68.83432000000002,-0.2103354102935151
"2026-04-05 00:00:00","1.Sunday","The Return of Zombie  Father | द रिटर्न ऑफ़ ज़ॉम्बी फ़ादर","Overall","Overall","Overall","Overall",3.52974,1.1219393429318578
"2026-04-05 00:00:00","1.Sunday","Yakshini | यक्षिणी","Overall","Overall","Overall","Overall",12.366859999999999,-0.30072184733206
"2026-04-04 00:00:00","7.Saturday","Ameerzada Commander","Overall","Overall","Overall","Overall",2.3074399999999997,1.9021117106239545
"2026-04-04 00:00:00","7.Saturday","Commander Vikram Chauhan । कमांडर विक्रम चौहान","Overall","Overall","Overall","Overall",33.59525,-0.3170746333585064
"2026-04-04 00:00:00","7.Saturday","Detective Vikrant","Overall","Overall","Overall","Overall",34.92710000000001,5.823031842156673
"2026-04-04 00:00:00","7.Saturday","Secret Fauji | सीक्रेट फौजी","Overall","Overall","Overall","Overall",150.2177700000001,-0.15350045044565197
"2026-04-04 00:00:00","7.Saturday","Shiva : Ek Pretyodha","Overall","Overall","Overall","Overall",59.60773,-0.4162103626655784
"2026-04-04 00:00:00","7.Saturday","The Return of Zombie  Father | द रिटर्न ऑफ़ ज़ॉम्बी फ़ादर","Overall","Overall","Overall","Overall",3.62175,85.41732283464566
"2026-04-04 00:00:00","7.Saturday","Yakshini | यक्षिणी","Overall","Overall","Overall","Overall",18.03162,-0.267931033362781
"2026-04-03 00:00:00","6.Friday","Ameerzada Commander","Overall","Overall","Overall","Overall",1.1041400000000001,-0.3983281747242686
"2026-04-03 00:00:00","6.Friday","Commander Vikram Chauhan । कमांडर विक्रम चौहान","Overall","Overall","Overall","Overall",38.84305999999998,-0.26510066987116054
"2026-04-03 00:00:00","6.Friday","Detective Vikrant","Overall","Overall","Overall","Overall",21.055070000000004,1.1213599227023558
"2026-04-03 00:00:00","6.Friday","Secret Fauji | सीक्रेट फौजी","Overall","Overall","Overall","Overall",176.32709000000003,-0.06350594574395141
"2026-04-03 00:00:00","6.Friday","Shiva : Ek Pretyodha","Overall","Overall","Overall","Overall",75.85584000000001,-0.11339075454046899
"2026-04-03 00:00:00","6.Friday","The Return of Zombie  Father | द रिटर्न ऑफ़ ज़ॉम्बी फ़ादर","Overall","Overall","Overall","Overall",3.5760999999999994,5.68779922202274
"2026-04-03 00:00:00","6.Friday","Yakshini | यक्षिणी","Overall","Overall","Overall","Overall",23.048589999999997,-0.07569869222412506
"2026-04-02 00:00:00","5.Thursday","Ameerzada Commander","Overall","Overall","Overall","Overall",3.3338900000000007,0.7551593067576392
"2026-04-02 00:00:00","5.Thursday","Commander Vikram Chauhan । कमांडर विक्रम चौहान","Overall","Overall","Overall","Overall",31.889880000000012,-0.35224405926958646
"2026-04-02 00:00:00","5.Thursday","Detective Vikrant","Overall","Overall","Overall","Overall",11.572700000000001,-0.12823352165725033
"2026-04-02 00:00:00","5.Thursday","Secret Fauji | सीक्रेट फौजी","Overall","Overall","Overall","Overall",169.83468000000005,-0.04977124473179739
"2026-04-02 00:00:00","5.Thursday","Shiva : Ek Pretyodha","Overall","Overall","Overall","Overall",68.05692999999998,-0.3335041595682219
"2026-04-02 00:00:00","5.Thursday","The Return of Zombie  Father | द रिटर्न ऑफ़ ज़ॉम्बी फ़ादर","Overall","Overall","Overall","Overall",2.95738,0.37440049076105164
"2026-04-02 00:00:00","5.Thursday","Yakshini | यक्षिणी","Overall","Overall","Overall","Overall",20.356699999999996,-0.4246620330697728
"2026-04-01 00:00:00","4.Wednesday","Ameerzada Commander","Overall","Overall","Overall","Overall",2.06226,-0.4279572159286338
"2026-04-01 00:00:00","4.Wednesday","Commander Vikram Chauhan । कमांडर विक्रम चौहान","Overall","Overall","Overall","Overall",43.883010000000006,-0.24399492677521484
"2026-04-01 00:00:00","4.Wednesday","Detective Vikrant","Overall","Overall","Overall","Overall",16.293879999999998,1.7807533722898805
"2026-04-01 00:00:00","4.Wednesday","Secret Fauji | सीक्रेट फौजी","Overall","Overall","Overall","Overall",158.14351000000008,-0.17891989293693566
"2026-04-01 00:00:00","4.Wednesday","Shiva : Ek Pretyodha","Overall","Overall","Overall","Overall",86.11792999999999,-0.10486612375263471
"2026-04-01 00:00:00","4.Wednesday","The Return of Zombie  Father | द रिटर्न ऑफ़ ज़ॉम्बी फ़ादर","Overall","Overall","Overall","Overall",1.29223,-0.7621573568090585
"2026-04-01 00:00:00","4.Wednesday","Yakshini | यक्षिणी","Overall","Overall","Overall","Overall",15.660519999999996,-0.7588936573124311
"2026-03-31 00:00:00","3.Tuesday","Ameerzada Commander","Overall","Overall","Overall","Overall",4.4690400000000015,13.486353322528368
"2026-03-31 00:00:00","3.Tuesday","Commander Vikram Chauhan । कमांडर विक्रम चौहान","Overall","Overall","Overall","Overall",44.51754999999999,-0.33855097546070356
"2026-03-31 00:00:00","3.Tuesday","Detective Vikrant","Overall","Overall","Overall","Overall",15.869600000000002,0.11371084895398398
"2026-03-31 00:00:00","3.Tuesday","Secret Fauji | सीक्रेट फौजी","Overall","Overall","Overall","Overall",187.69821999999994,-0.09795035267736296
"2026-03-31 00:00:00","3.Tuesday","Shiva : Ek Pretyodha","Overall","Overall","Overall","Overall",87.81469000000001,0.1881806625502238
"2026-03-31 00:00:00","3.Tuesday","The Return of Zombie  Father | द रिटर्न ऑफ़ ज़ॉम्बी फ़ादर","Overall","Overall","Overall","Overall",3.879609999999999,0.13681209361475166
"2026-03-31 00:00:00","3.Tuesday","Yakshini | यक्षिणी","Overall","Overall","Overall","Overall",11.510150000000001,-0.6078402980238611
"2026-03-30 00:00:00","2.Monday","Ameerzada Commander","Overall","Overall","Overall","Overall",2.26679,-0.18802812613057973
"2026-03-30 00:00:00","2.Monday","Commander Vikram Chauhan । कमांडर विक्रम चौहान","Overall","Overall","Overall","Overall",49.22087999999997,-0.14544991465937007
"2026-03-30 00:00:00","2.Monday","Detective Vikrant","Overall","Overall","Overall","Overall",11.88105,0.010411076800613595
"2026-03-30 00:00:00","2.Monday","Secret Fauji | सीक्रेट फौजी","Overall","Overall","Overall","Overall",165.49181999999993,-0.19650564151320193
"2026-03-30 00:00:00","2.Monday","Shiva : Ek Pretyodha","Overall","Overall","Overall","Overall",89.78220000000002,0.15115759792196726
"2026-03-30 00:00:00","2.Monday","The Return of Zombie  Father | द रिटर्न ऑफ़ ज़ॉम्बी फ़ादर","Overall","Overall","Overall","Overall",2.23619,0.10647699158832258
"2026-03-30 00:00:00","2.Monday","Yakshini | यक्षिणी","Overall","Overall","Overall","Overall",17.10975,-0.27216556242090395
"2026-03-29 00:00:00","1.Sunday","Ameerzada Commander","Overall","Overall","Overall","Overall",1.20314,0.1362812134033471
"2026-03-29 00:00:00","1.Sunday","Commander Vikram Chauhan । कमांडर विक्रम चौहान","Overall","Overall","Overall","Overall",54.702890000000004,0.0701401672617008
"2026-03-29 00:00:00","1.Sunday","Detective Vikrant","Overall","Overall","Overall","Overall",10.926660000000002,-0.5136848542411139
"2026-03-29 00:00:00","1.Sunday","Secret Fauji | सीक्रेट फौजी","Overall","Overall","Overall","Overall",192.0493000000001,-0.046269861173531046
"2026-03-29 00:00:00","1.Sunday","Shiva : Ek Pretyodha","Overall","Overall","Overall","Overall",87.16906000000007,0.704864225472438
"2026-03-29 00:00:00","1.Sunday","The Return of Zombie  Father | द रिटर्न ऑफ़ ज़ॉम्बी फ़ादर","Overall","Overall","Overall","Overall",1.6634500000000005,0.21744062648662532
"2026-03-29 00:00:00","1.Sunday","Yakshini | यक्षिणी","Overall","Overall","Overall","Overall",17.68518,-0.29260949441593187
"2026-03-28 00:00:00","7.Saturday","Ameerzada Commander","Overall","Overall","Overall","Overall",0.79509,-0.5329620949125065
"2026-03-28 00:00:00","7.Saturday","Commander Vikram Chauhan । कमांडर विक्रम चौहान","Overall","Overall","Overall","Overall",49.19315000000001,-0.31419164348836714
"2026-03-28 00:00:00","7.Saturday","Detective Vikrant","Overall","Overall","Overall","Overall",5.119000000000001,-0.7467263427363053
"2026-03-28 00:00:00","7.Saturday","Secret Fauji | सीक्रेट फौजी","Overall","Overall","Overall","Overall",177.4575899999999,-0.14042933585082273
"2026-03-28 00:00:00","7.Saturday","Shiva : Ek Pretyodha","Overall","Overall","Overall","Overall",102.10480999999996,0.7054787049862934
"2026-03-28 00:00:00","7.Saturday","The Return of Zombie  Father | द रिटर्न ऑफ़ ज़ॉम्बी फ़ादर","Overall","Overall","Overall","Overall",0.04191,-0.9805090618212935
"2026-03-28 00:00:00","7.Saturday","Yakshini | यक्षिणी","Overall","Overall","Overall","Overall",24.63103999999999,0.0626262974882863
"2026-03-27 00:00:00","6.Friday","Ameerzada Commander","Overall","Overall","Overall","Overall",1.8351199999999999,0.015679741419866167
"2026-03-27 00:00:00","6.Friday","Commander Vikram Chauhan । कमांडर विक्रम चौहान","Overall","Overall","Overall","Overall",52.85493999999997,-0.20627311504104817
"2026-03-27 00:00:00","6.Friday","Detective Vikrant","Overall","Overall","Overall","Overall",9.925269999999998,-0.29336184015674505
"2026-03-27 00:00:00","6.Friday","Secret Fauji | सीक्रेट फौजी","Overall","Overall","Overall","Overall",188.28426000000007,-0.27402715072398365
"2026-03-27 00:00:00","6.Friday","Shiva : Ek Pretyodha","Overall","Overall","Overall","Overall",85.55724000000001,0.6084806286136051
"2026-03-27 00:00:00","6.Friday","The Return of Zombie  Father | द रिटर्न ऑफ़ ज़ॉम्बी फ़ादर","Overall","Overall","Overall","Overall",0.53472,-0.7844852950067107
"2026-03-27 00:00:00","6.Friday","Yakshini | यक्षिणी","Overall","Overall","Overall","Overall",24.93622999999999,0.022988307699375987
"2026-03-26 00:00:00","5.Thursday","Ameerzada Commander","Overall","Overall","Overall","Overall",1.89948,0.06691980183560453
"2026-03-26 00:00:00","5.Thursday","Commander Vikram Chauhan । कमांडर विक्रम चौहान","Overall","Overall","Overall","Overall",49.23131999999998,-0.3989138984034225
"2026-03-26 00:00:00","5.Thursday","Detective Vikrant","Overall","Overall","Overall","Overall",13.274999999999999,-0.32595326203078245
"2026-03-26 00:00:00","5.Thursday","Secret Fauji | सीक्रेट फौजी","Overall","Overall","Overall","Overall",178.73031000000006,-0.21202034362166777
"2026-03-26 00:00:00","5.Thursday","Shiva : Ek Pretyodha","Overall","Overall","Overall","Overall",102.11156000000007,0.8692671618107852
"2026-03-26 00:00:00","5.Thursday","The Return of Zombie  Father | द रिटर्न ऑफ़ ज़ॉम्बी फ़ादर","Overall","Overall","Overall","Overall",2.15176,-0.4936451496760802
"2026-03-26 00:00:00","5.Thursday","Yakshini | यक्षिणी","Overall","Overall","Overall","Overall",35.38215999999998,0.16914028166035444
"2026-03-25 00:00:00","4.Wednesday","Ameerzada Commander","Overall","Overall","Overall","Overall",3.6050799999999987,2.8607794210565762
"2026-03-25 00:00:00","4.Wednesday","Commander Vikram Chauhan । कमांडर विक्रम चौहान","Overall","Overall","Overall","Overall",58.04591999999998,-0.24704312313960863
"2026-03-25 00:00:00","4.Wednesday","Detective Vikrant","Overall","Overall","Overall","Overall",5.859519999999999,-0.6895771493113187
"2026-03-25 00:00:00","4.Wednesday","Secret Fauji | सीक्रेट फौजी","Overall","Overall","Overall","Overall",192.60423999999992,-0.20694411784336875
"2026-03-25 00:00:00","4.Wednesday","Shiva : Ek Pretyodha","Overall","Overall","Overall","Overall",96.20676000000002,0.5745068269386724
"2026-03-25 00:00:00","4.Wednesday","The Return of Zombie  Father | द रिटर्न ऑफ़ ज़ॉम्बी फ़ादर","Overall","Overall","Overall","Overall",5.433130000000001,-0.3141217105013998
"2026-03-25 00:00:00","4.Wednesday","Yakshini | यक्षिणी","Overall","Overall","Overall","Overall",64.95275000000001,1.4964351876763193
"2026-03-24 00:00:00","3.Tuesday","Ameerzada Commander","Overall","Overall","Overall","Overall",0.3085,-0.9179564916759747
"2026-03-24 00:00:00","3.Tuesday","Commander Vikram Chauhan । कमांडर विक्रम चौहान","Overall","Overall","Overall","Overall",67.30307,-0.12938709707046325
"2026-03-24 00:00:00","3.Tuesday","Detective Vikrant","Overall","Overall","Overall","Overall",14.249299999999998,0.17722239525717165
"2026-03-24 00:00:00","3.Tuesday","Secret Fauji | सीक्रेट फौजी","Overall","Overall","Overall","Overall",208.0796999999998,-0.17031885591877172
"2026-03-24 00:00:00","3.Tuesday","Shiva : Ek Pretyodha","Overall","Overall","Overall","Overall",73.90685,0.4055445590498412
"2026-03-24 00:00:00","3.Tuesday","The Return of Zombie  Father | द रिटर्न ऑफ़ ज़ॉम्बी फ़ादर","Overall","Overall","Overall","Overall",3.41271,1.5259499948188835
"2026-03-24 00:00:00","3.Tuesday","Yakshini | यक्षिणी","Overall","Overall","Overall","Overall",29.350669999999994,0.4539831044580036
"2026-03-23 00:00:00","2.Monday","Ameerzada Commander","Overall","Overall","Overall","Overall",2.7917100000000006,1.1995824141191305
"2026-03-23 00:00:00","2.Monday","Commander Vikram Chauhan । कमांडर विक्रम चौहान","Overall","Overall","Overall","Overall",57.59859000000002,-0.21141701699684345
"2026-03-23 00:00:00","2.Monday","Detective Vikrant","Overall","Overall","Overall","Overall",11.75863,-0.09196753251266265
"2026-03-23 00:00:00","2.Monday","Secret Fauji | सीक्रेट फौजी","Overall","Overall","Overall","Overall",205.96512999999996,-0.1685851448563832
"2026-03-23 00:00:00","2.Monday","Shiva : Ek Pretyodha","Overall","Overall","Overall","Overall",77.99296999999997,0.3110999489465458
"2026-03-23 00:00:00","2.Monday","The Return of Zombie  Father | द रिटर्न ऑफ़ ज़ॉम्बी फ़ादर","Overall","Overall","Overall","Overall",2.0210000000000004,1.5951179423963433
"2026-03-23 00:00:00","2.Monday","Yakshini | यक्षिणी","Overall","Overall","Overall","Overall",23.507750000000005,-0.23377158014616717
"2026-03-22 00:00:00","1.Sunday","Ameerzada Commander","Overall","Overall","Overall","Overall",1.05884,0.6016094144696043
"2026-03-22 00:00:00","1.Sunday","Commander Vikram Chauhan । कमांडर विक्रम चौहान","Overall","Overall","Overall","Overall",51.11750000000001,-0.4381641489430219
"2026-03-22 00:00:00","1.Sunday","Detective Vikrant","Overall","Overall","Overall","Overall",22.46826999999999,1.0977797488445908
"2026-03-22 00:00:00","1.Sunday","Secret Fauji | सीक्रेट फौजी","Overall","Overall","Overall","Overall",201.36649999999995,-0.1634217902312124
"2026-03-22 00:00:00","1.Sunday","Shiva : Ek Pretyodha","Overall","Overall","Overall","Overall",51.129619999999996,-0.06100535431104248
"2026-03-22 00:00:00","1.Sunday","The Return of Zombie  Father | द रिटर्न ऑफ़ ज़ॉम्बी फ़ादर","Overall","Overall","Overall","Overall",1.36635,-0.16664125349939318
"2026-03-22 00:00:00","1.Sunday","Yakshini | यक्षिणी","Overall","Overall","Overall","Overall",25.000590000000003,0.0023783873074625372
"2026-03-21 00:00:00","7.Saturday","Ameerzada Commander","Overall","Overall","Overall","Overall",1.70241,-0.6189379389999865
"2026-03-21 00:00:00","7.Saturday","Commander Vikram Chauhan । कमांडर विक्रम चौहान","Overall","Overall","Overall","Overall",71.73016999999997,-0.32399217065477115
"2026-03-21 00:00:00","7.Saturday","Detective Vikrant","Overall","Overall","Overall","Overall",20.211339999999993,0.007855867715844012
"2026-03-21 00:00:00","7.Saturday","Secret Fauji | सीक्रेट फौजी","Overall","Overall","Overall","Overall",206.4491,-0.10127192452235878
"2026-03-21 00:00:00","7.Saturday","Shiva : Ek Pretyodha","Overall","Overall","Overall","Overall",59.86871,0.4040227631538218
"2026-03-21 00:00:00","7.Saturday","The Return of Zombie  Father | द रिटर्न ऑफ़ ज़ॉम्बी फ़ादर","Overall","Overall","Overall","Overall",2.1502300000000005,0.3563295969924247
"2026-03-21 00:00:00","7.Saturday","Yakshini | यक्षिणी","Overall","Overall","Overall","Overall",23.179400000000008,0.13714422236798063
"2026-03-20 00:00:00","6.Friday","Ameerzada Commander","Overall","Overall","Overall","Overall",1.80679,-0.6098875948405039
"2026-03-20 00:00:00","6.Friday","Commander Vikram Chauhan । कमांडर विक्रम चौहान","Overall","Overall","Overall","Overall",66.59084,-0.3404950631840149
"2026-03-20 00:00:00","6.Friday","Detective Vikrant","Overall","Overall","Overall","Overall",14.045760000000001,-0.2526529517679956
"2026-03-20 00:00:00","6.Friday","Secret Fauji | सीक्रेट फौजी","Overall","Overall","Overall","Overall",259.3544099999999,-0.04351580572935876
"2026-03-20 00:00:00","6.Friday","Shiva : Ek Pretyodha","Overall","Overall","Overall","Overall",53.191340000000004,0.06019267156042485
"2026-03-20 00:00:00","6.Friday","The Return of Zombie  Father | द रिटर्न ऑफ़ ज़ॉम्बी फ़ादर","Overall","Overall","Overall","Overall",2.48113,2.593809296194905
"2026-03-20 00:00:00","6.Friday","Yakshini | यक्षिणी","Overall","Overall","Overall","Overall",24.375870000000003,0.12898656982353285
"2026-03-19 00:00:00","5.Thursday","Ameerzada Commander","Overall","Overall","Overall","Overall",1.78034,-0.6423634058982698
"2026-03-19 00:00:00","5.Thursday","Commander Vikram Chauhan । कमांडर विक्रम चौहान","Overall","Overall","Overall","Overall",81.90393999999999,-0.18405141324662133
"2026-03-19 00:00:00","5.Thursday","Detective Vikrant","Overall","Overall","Overall","Overall",19.694480000000006,-0.06496027103811841
"2026-03-19 00:00:00","5.Thursday","Secret Fauji | सीक्रेट फौजी","Overall","Overall","Overall","Overall",226.82097000000007,-0.1202546479945692
"2026-03-19 00:00:00","5.Thursday","Shiva : Ek Pretyodha","Overall","Overall","Overall","Overall",54.626519999999985,0.049565189489999106
"2026-03-19 00:00:00","5.Thursday","The Return of Zombie  Father | द रिटर्न ऑफ़ ज़ॉम्बी फ़ादर","Overall","Overall","Overall","Overall",4.249509999999999,10.28058718908444
"2026-03-19 00:00:00","5.Thursday","Yakshini | यक्षिणी","Overall","Overall","Overall","Overall",30.263400000000004,0.15365305933402884
"2026-03-18 00:00:00","4.Wednesday","Ameerzada Commander","Overall","Overall","Overall","Overall",0.9337699999999999,-0.808687403449392
"2026-03-18 00:00:00","4.Wednesday","Commander Vikram Chauhan । कमांडर विक्रम चौहान","Overall","Overall","Overall","Overall",77.09062999999999,-0.07262638986111947
"2026-03-18 00:00:00","4.Wednesday","Detective Vikrant","Overall","Overall","Overall","Overall",18.875929999999997,0.028582560458601858
"2026-03-18 00:00:00","4.Wednesday","Secret Fauji | सीक्रेट फौजी","Overall","Overall","Overall","Overall",242.86338999999992,-0.0015387419226655652
"2026-03-18 00:00:00","4.Wednesday","Shiva : Ek Pretyodha","Overall","Overall","Overall","Overall",61.102789999999985,0.8883072453914735
"2026-03-18 00:00:00","4.Wednesday","The Return of Zombie  Father | द रिटर्न ऑफ़ ज़ॉम्बी फ़ादर","Overall","Overall","Overall","Overall",7.9214199999999995,1.3113521904306165
"2026-03-18 00:00:00","4.Wednesday","Yakshini | यक्षिणी","Overall","Overall","Overall","Overall",26.0182,-0.1490328982700161
"2026-03-17 00:00:00","3.Tuesday","Ameerzada Commander","Overall","Overall","Overall","Overall",3.7601999999999998,0.4976878681786141
"2026-03-17 00:00:00","3.Tuesday","Commander Vikram Chauhan । कमांडर विक्रम चौहान","Overall","Overall","Overall","Overall",77.30539000000003,0.058525389350663426
"2026-03-17 00:00:00","3.Tuesday","Detective Vikrant","Overall","Overall","Overall","Overall",12.10417,-0.15811192697433007
"2026-03-17 00:00:00","3.Tuesday","Secret Fauji | सीक्रेट फौजी","Overall","Overall","Overall","Overall",250.79477999999983,0.00832330316220875
"2026-03-17 00:00:00","3.Tuesday","Shiva : Ek Pretyodha","Overall","Overall","Overall","Overall",52.582359999999994,0.2474224138319605
"2026-03-17 00:00:00","3.Tuesday","The Return of Zombie  Father | द रिटर्न ऑफ़ ज़ॉम्बी फ़ादर","Overall","Overall","Overall","Overall",1.3510599999999997,-0.6120129916748751
"2026-03-17 00:00:00","3.Tuesday","Yakshini | यक्षिणी","Overall","Overall","Overall","Overall",20.186389999999996,-0.09436119960501865
"2026-03-16 00:00:00","2.Monday","Ameerzada Commander","Overall","Overall","Overall","Overall",1.2692,-0.6125124410006533
"2026-03-16 00:00:00","2.Monday","Commander Vikram Chauhan । कमांडर विक्रम चौहान","Overall","Overall","Overall","Overall",73.04062,-0.11307451130868962
"2026-03-16 00:00:00","2.Monday","Detective Vikrant","Overall","Overall","Overall","Overall",12.949570000000001,-0.416231643369253
"2026-03-16 00:00:00","2.Monday","Secret Fauji | सीक्रेट फौजी","Overall","Overall","Overall","Overall",247.72847000000016,-0.026086137086151484
"2026-03-16 00:00:00","2.Monday","Shiva : Ek Pretyodha","Overall","Overall","Overall","Overall",59.48666999999997,0.9745498179355845
"2026-03-16 00:00:00","2.Monday","The Return of Zombie  Father | द रिटर्न ऑफ़ ज़ॉम्बी फ़ादर","Overall","Overall","Overall","Overall",0.7787700000000001,-0.7992871170767161
"2026-03-16 00:00:00","2.Monday","Yakshini | यक्षिणी","Overall","Overall","Overall","Overall",30.679819999999985,0.09569416096584438
"2026-03-15 00:00:00","1.Sunday","Ameerzada Commander","Overall","Overall","Overall","Overall",0.66111,-0.7811220182423149
"2026-03-15 00:00:00","1.Sunday","Commander Vikram Chauhan । कमांडर विक्रम चौहान","Overall","Overall","Overall","Overall",90.98297999999998,0.1850112063117948
"2026-03-15 00:00:00","1.Sunday","Detective Vikrant","Overall","Overall","Overall","Overall",10.7105,-0.06241437599192534
"2026-03-15 00:00:00","1.Sunday","Secret Fauji | सीक्रेट फौजी","Overall","Overall","Overall","Overall",240.70253999999994,0.09164699311571178
"2026-03-15 00:00:00","1.Sunday","Shiva : Ek Pretyodha","Overall","Overall","Overall","Overall",54.45145000000001,0.7947059397416749
"2026-03-15 00:00:00","1.Sunday","The Return of Zombie  Father | द रिटर्न ऑफ़ ज़ॉम्बी फ़ादर","Overall","Overall","Overall","Overall",1.63957,6.623424931417677
"2026-03-15 00:00:00","1.Sunday","Yakshini | यक्षिणी","Overall","Overall","Overall","Overall",24.941270000000006,0.2642099799581734
"2026-03-14 00:00:00","7.Saturday","Ameerzada Commander","Overall","Overall","Overall","Overall",4.46754,-0.24402757519045082
"2026-03-14 00:00:00","7.Saturday","Commander Vikram Chauhan । कमांडर विक्रम चौहान","Overall","Overall","Overall","Overall",106.10849000000007,-0.03909310325091975
"2026-03-14 00:00:00","7.Saturday","Detective Vikrant","Overall","Overall","Overall","Overall",20.0538,0.7911031640696868
"2026-03-14 00:00:00","7.Saturday","Secret Fauji | सीक्रेट फौजी","Overall","Overall","Overall","Overall",229.71253000000007,-0.03866052079074944
"2026-03-14 00:00:00","7.Saturday","Shiva : Ek Pretyodha","Overall","Overall","Overall","Overall",42.64083999999999,0.3835134774724378
"2026-03-14 00:00:00","7.Saturday","The Return of Zombie  Father | द रिटर्न ऑफ़ ज़ॉम्बी फ़ादर","Overall","Overall","Overall","Overall",1.58533,-0.2309636420965825
"2026-03-14 00:00:00","7.Saturday","Yakshini | यक्षिणी","Overall","Overall","Overall","Overall",20.383869999999998,-0.17742994450118676
"2026-03-13 00:00:00","6.Friday","Ameerzada Commander","Overall","Overall","Overall","Overall",4.631460000000001,-0.39412816625219604
"2026-03-13 00:00:00","6.Friday","Commander Vikram Chauhan । कमांडर विक्रम चौहान","Overall","Overall","Overall","Overall",100.97095000000002,-0.03013740183199265
"2026-03-13 00:00:00","6.Friday","Detective Vikrant","Overall","Overall","Overall","Overall",18.79415999999999,0.055149832920124764
"2026-03-13 00:00:00","6.Friday","Secret Fauji | सीक्रेट फौजी","Overall","Overall","Overall","Overall",271.1538899999998,0.048559337262773505
"2026-03-13 00:00:00","6.Friday","Shiva : Ek Pretyodha","Overall","Overall","Overall","Overall",50.171390000000024,0.52754591035804
"2026-03-13 00:00:00","6.Friday","The Return of Zombie  Father | द रिटर्न ऑफ़ ज़ॉम्बी फ़ादर","Overall","Overall","Overall","Overall",0.6903899999999998,0.16094370081388298
"2026-03-13 00:00:00","6.Friday","Yakshini | यक्षिणी","Overall","Overall","Overall","Overall",21.590929999999993,-0.20765775518816865
"2026-03-12 00:00:00","5.Thursday","Ameerzada Commander","Overall","Overall","Overall","Overall",4.97807,-0.25184556193453367
"2026-03-12 00:00:00","5.Thursday","Commander Vikram Chauhan । कमांडर विक्रम चौहान","Overall","Overall","Overall","Overall",100.37879999999993,0.39929259463146405
"2026-03-12 00:00:00","5.Thursday","Detective Vikrant","Overall","Overall","Overall","Overall",21.062720000000002,0.4581564525821129
"2026-03-12 00:00:00","5.Thursday","Secret Fauji | सीक्रेट फौजी","Overall","Overall","Overall","Overall",257.82570999999996,0.2571516408630081
"2026-03-12 00:00:00","5.Thursday","Shiva : Ek Pretyodha","Overall","Overall","Overall","Overall",52.04681,1.1485168133292976
"2026-03-12 00:00:00","5.Thursday","The Return of Zombie  Father | द रिटर्न ऑफ़ ज़ॉम्बी फ़ादर","Overall","Overall","Overall","Overall",0.37671,4.641905047176876
"2026-03-12 00:00:00","5.Thursday","Yakshini | यक्षिणी","Overall","Overall","Overall","Overall",26.232670000000006,-0.18611573478698573
"2026-03-11 00:00:00","4.Wednesday","Ameerzada Commander","Overall","Overall","Overall","Overall",4.880859999999999,-0.3394763836749497
"2026-03-11 00:00:00","4.Wednesday","Commander Vikram Chauhan । कमांडर विक्रम चौहान","Overall","Overall","Overall","Overall",83.12791000000004,-0.06688669970866479
"2026-03-11 00:00:00","4.Wednesday","Detective Vikrant","Overall","Overall","Overall","Overall",18.35140000000001,-0.0012098861248425186
"2026-03-11 00:00:00","4.Wednesday","Secret Fauji | सीक्रेट फौजी","Overall","Overall","Overall","Overall",243.2376700000004,0.12143339592778135
"2026-03-11 00:00:00","4.Wednesday","Shiva : Ek Pretyodha","Overall","Overall","Overall","Overall",32.35849999999999,0.6073366696884268
"2026-03-11 00:00:00","4.Wednesday","The Return of Zombie  Father | द रिटर्न ऑफ़ ज़ॉम्बी फ़ादर","Overall","Overall","Overall","Overall",3.42718,1.3780209410279007
"2026-03-11 00:00:00","4.Wednesday","Yakshini | यक्षिणी","Overall","Overall","Overall","Overall",30.574859999999983,0.29261735603051453
"2026-03-10 00:00:00","3.Tuesday","Ameerzada Commander","Overall","Overall","Overall","Overall",2.5106699999999993,-0.7003501744904926
"2026-03-10 00:00:00","3.Tuesday","Commander Vikram Chauhan । कमांडर विक्रम चौहान","Overall","Overall","Overall","Overall",73.03120999999997,-0.11722571957664396
"2026-03-10 00:00:00","3.Tuesday","Detective Vikrant","Overall","Overall","Overall","Overall",14.377410000000003,-0.22608686290711089
"2026-03-10 00:00:00","3.Tuesday","Secret Fauji | सीक्रेट फौजी","Overall","Overall","Overall","Overall",248.7245699999998,0.11760319857262735
"2026-03-10 00:00:00","3.Tuesday","Shiva : Ek Pretyodha","Overall","Overall","Overall","Overall",42.152809999999995,1.9456252170637809
"2026-03-10 00:00:00","3.Tuesday","The Return of Zombie  Father | द रिटर्न ऑफ़ ज़ॉम्बी फ़ादर","Overall","Overall","Overall","Overall",3.48223,12.979245283018871
"2026-03-10 00:00:00","3.Tuesday","Yakshini | यक्षिणी","Overall","Overall","Overall","Overall",22.28966999999999,-0.2608001384901
"2026-03-09 00:00:00","2.Monday","Ameerzada Commander","Overall","Overall","Overall","Overall",3.2754600000000003,-0.37852365547533895
"2026-03-09 00:00:00","2.Monday","Commander Vikram Chauhan । कमांडर विक्रम चौहान","Overall","Overall","Overall","Overall",82.3526,-0.012476222533225445
"2026-03-09 00:00:00","2.Monday","Detective Vikrant","Overall","Overall","Overall","Overall",22.182719999999996,-0.15542275464422473
"2026-03-09 00:00:00","2.Monday","Secret Fauji | सीक्रेट फौजी","Overall","Overall","Overall","Overall",254.36384000000007,0.08395181490152992
"2026-03-09 00:00:00","2.Monday","Shiva : Ek Pretyodha","Overall","Overall","Overall","Overall",30.126699999999996,0.8393547815946689
"2026-03-09 00:00:00","2.Monday","The Return of Zombie  Father | द रिटर्न ऑफ़ ज़ॉम्बी फ़ादर","Overall","Overall","Overall","Overall",3.8800200000000005,2.1134809821858447
"2026-03-09 00:00:00","2.Monday","Yakshini | यक्षिणी","Overall","Overall","Overall","Overall",28.000350000000005,-0.13697858747352376
"2026-03-08 00:00:00","1.Sunday","Ameerzada Commander","Overall","Overall","Overall","Overall",3.02045,-0.7349812935197664
"2026-03-08 00:00:00","1.Sunday","Commander Vikram Chauhan । कमांडर विक्रम चौहान","Overall","Overall","Overall","Overall",76.77816,-0.2239523282240784
"2026-03-08 00:00:00","1.Sunday","Detective Vikrant","Overall","Overall","Overall","Overall",11.42349,-0.560533584673386
"2026-03-08 00:00:00","1.Sunday","Secret Fauji | सीक्रेट फौजी","Overall","Overall","Overall","Overall",220.49485000000004,-0.10502713332927105
"2026-03-08 00:00:00","1.Sunday","Shiva : Ek Pretyodha","Overall","Overall","Overall","Overall",30.340040000000002,0.5479312135785117
"2026-03-08 00:00:00","1.Sunday","The Return of Zombie  Father | द रिटर्न ऑफ़ ज़ॉम्बी फ़ादर","Overall","Overall","Overall","Overall",0.21507,-0.6352087114337568
"2026-03-08 00:00:00","1.Sunday","Yakshini | यक्षिणी","Overall","Overall","Overall","Overall",19.728739999999995,-0.12623654504354542
"2026-03-07 00:00:00","7.Saturday","Ameerzada Commander","Overall","Overall","Overall","Overall",5.909659999999999,-0.48963184880488386
"2026-03-07 00:00:00","7.Saturday","Commander Vikram Chauhan । कमांडर विक्रम चौहान","Overall","Overall","Overall","Overall",110.42536000000005,0.051117207586905744
"2026-03-07 00:00:00","7.Saturday","Detective Vikrant","Overall","Overall","Overall","Overall",11.196340000000001,-0.5049207945965664
"2026-03-07 00:00:00","7.Saturday","Secret Fauji | सीक्रेट फौजी","Overall","Overall","Overall","Overall",238.95047999999963,-0.04466413105031075
"2026-03-07 00:00:00","7.Saturday","Shiva : Ek Pretyodha","Overall","Overall","Overall","Overall",30.82069,0.7091773894535807
"2026-03-07 00:00:00","7.Saturday","The Return of Zombie  Father | द रिटर्न ऑफ़ ज़ॉम्बी फ़ादर","Overall","Overall","Overall","Overall",2.06145,4.359845037830529
"2026-03-07 00:00:00","7.Saturday","Yakshini | यक्षिणी","Overall","Overall","Overall","Overall",24.780710000000003,0.18385144857607494
"2026-03-06 00:00:00","6.Friday","Ameerzada Commander","Overall","Overall","Overall","Overall",7.64429,-0.4904910602702748
"2026-03-06 00:00:00","6.Friday","Commander Vikram Chauhan । कमांडर विक्रम चौहान","Overall","Overall","Overall","Overall",104.10851000000004,0.020418162781913107
"2026-03-06 00:00:00","6.Friday","Detective Vikrant","Overall","Overall","Overall","Overall",17.811839999999997,-0.5232256914387032
"2026-03-06 00:00:00","6.Friday","Secret Fauji | सीक्रेट फौजी","Overall","Overall","Overall","Overall",258.59660999999994,0.03548716285411402
"2026-03-06 00:00:00","6.Friday","Shiva : Ek Pretyodha","Overall","Overall","Overall","Overall",32.84444,0.30677277521573343
"2026-03-06 00:00:00","6.Friday","The Return of Zombie  Father | द रिटर्न ऑफ़ ज़ॉम्बी फ़ादर","Overall","Overall","Overall","Overall",0.5946799999999999,49.48217317487265
"2026-03-06 00:00:00","6.Friday","Yakshini | यक्षिणी","Overall","Overall","Overall","Overall",27.249499999999994,-0.16191796056605556
"2026-03-05 00:00:00","5.Thursday","Ameerzada Commander","Overall","Overall","Overall","Overall",6.6537999999999995,-0.5408452317614367
"2026-03-05 00:00:00","5.Thursday","Commander Vikram Chauhan । कमांडर विक्रम चौहान","Overall","Overall","Overall","Overall",71.73538999999997,-0.26969791710039837
"2026-03-05 00:00:00","5.Thursday","Detective Vikrant","Overall","Overall","Overall","Overall",14.44476,-0.5360550178193806
"2026-03-05 00:00:00","5.Thursday","Secret Fauji | सीक्रेट फौजी","Overall","Overall","Overall","Overall",205.08720000000002,-0.07239799766578803
"2026-03-05 00:00:00","5.Thursday","Shiva : Ek Pretyodha","Overall","Overall","Overall","Overall",24.224530000000016,-0.14181951255111058
"2026-03-05 00:00:00","5.Thursday","Yakshini | यक्षिणी","Overall","Overall","Overall","Overall",32.231449999999995,0.117433395575814
"2026-03-04 00:00:00","4.Wednesday","Ameerzada Commander","Overall","Overall","Overall","Overall",7.389379999999999,-0.7333247200937737
"2026-03-04 00:00:00","4.Wednesday","Commander Vikram Chauhan । कमांडर विक्रम चौहान","Overall","Overall","Overall","Overall",89.08661999999997,-0.12937479135084273
"2026-03-04 00:00:00","4.Wednesday","Detective Vikrant","Overall","Overall","Overall","Overall",18.37363,-0.3002886262813288
"2026-03-04 00:00:00","4.Wednesday","Secret Fauji | सीक्रेट फौजी","Overall","Overall","Overall","Overall",216.89890000000014,-0.04392754265211107
"2026-03-04 00:00:00","4.Wednesday","Shiva : Ek Pretyodha","Overall","Overall","Overall","Overall",20.131750000000004,-0.38079512159413054
"2026-03-04 00:00:00","4.Wednesday","The Return of Zombie  Father | द रिटर्न ऑफ़ ज़ॉम्बी फ़ादर","Overall","Overall","Overall","Overall",0.06677,-0.7773591197065689
"2026-03-04 00:00:00","4.Wednesday","Yakshini | यक्षिणी","Overall","Overall","Overall","Overall",23.653450000000007,-0.24785208028397443
"2026-03-03 00:00:00","3.Tuesday","Ameerzada Commander","Overall","Overall","Overall","Overall",8.378680000000001,-0.7701246680274795
"2026-03-03 00:00:00","3.Tuesday","Commander Vikram Chauhan । कमांडर विक्रम चौहान","Overall","Overall","Overall","Overall",82.72920000000008,-0.2571434523471716
"2026-03-03 00:00:00","3.Tuesday","Detective Vikrant","Overall","Overall","Overall","Overall",18.577550000000002,-0.4134450565809692
"2026-03-03 00:00:00","3.Tuesday","Secret Fauji | सीक्रेट फौजी","Overall","Overall","Overall","Overall",222.5517700000001,-0.035804741160147535
"2026-03-03 00:00:00","3.Tuesday","Shiva : Ek Pretyodha","Overall","Overall","Overall","Overall",14.31031,-0.5164207258060156
"2026-03-03 00:00:00","3.Tuesday","The Return of Zombie  Father | द रिटर्न ऑफ़ ज़ॉम्बी फ़ादर","Overall","Overall","Overall","Overall",1.4411899999999997,
"2026-03-03 00:00:00","3.Tuesday","Yakshini | यक्षिणी","Overall","Overall","Overall","Overall",30.153779999999998,0.06074436275372008
"2026-03-02 00:00:00","2.Monday","Ameerzada Commander","Overall","Overall","Overall","Overall",5.27045,-0.9014021770486111
"2026-03-02 00:00:00","2.Monday","Commander Vikram Chauhan । कमांडर विक्रम चौहान","Overall","Overall","Overall","Overall",83.39302999999994,-0.2799770436805543
"2026-03-02 00:00:00","2.Monday","Detective Vikrant","Overall","Overall","Overall","Overall",26.26488,-0.03091707800147736
"2026-03-02 00:00:00","2.Monday","Secret Fauji | सीक्रेट फौजी","Overall","Overall","Overall","Overall",234.6634200000001,0.09659272865781787
"2026-03-02 00:00:00","2.Monday","Shiva : Ek Pretyodha","Overall","Overall","Overall","Overall",16.378949999999996,-0.25613658534813055
"2026-03-02 00:00:00","2.Monday","The Return of Zombie  Father | द रिटर्न ऑफ़ ज़ॉम्बी फ़ादर","Overall","Overall","Overall","Overall",0.24909999999999993,
"2026-03-02 00:00:00","2.Monday","Yakshini | यक्षिणी","Overall","Overall","Overall","Overall",32.444559999999996,-0.026747191717354957
"2026-03-01 00:00:00","1.Sunday","Ameerzada Commander","Overall","Overall","Overall","Overall",11.39712,-0.2963624476228637
"2026-03-01 00:00:00","1.Sunday","Commander Vikram Chauhan । कमांडर विक्रम चौहान","Overall","Overall","Overall","Overall",98.93484999999995,-0.17662983390010012
"2026-03-01 00:00:00","1.Sunday","Detective Vikrant","Overall","Overall","Overall","Overall",25.99399999999999,0.16501547363207925
"2026-03-01 00:00:00","1.Sunday","Secret Fauji | सीक्रेट फौजी","Overall","Overall","Overall","Overall",246.37042999999986,0.1818698686647766
"2026-03-01 00:00:00","1.Sunday","Shiva : Ek Pretyodha","Overall","Overall","Overall","Overall",19.60038000000001,-0.3346063831737436
"2026-03-01 00:00:00","1.Sunday","The Return of Zombie  Father | द रिटर्न ऑफ़ ज़ॉम्बी फ़ादर","Overall","Overall","Overall","Overall",1.2462000000000002,
"2026-03-01 00:00:00","1.Sunday","Yakshini | यक्षिणी","Overall","Overall","Overall","Overall",22.57904000000001,-0.06696331166899139
"2026-02-28 00:00:00","7.Saturday","Ameerzada Commander","Overall","Overall","Overall","Overall",11.579209999999996,27.49565645379598
"2026-02-28 00:00:00","7.Saturday","Commander Vikram Chauhan । कमांडर विक्रम चौहान","Overall","Overall","Overall","Overall",105.05522999999994,-0.2417243074266905
"2026-02-28 00:00:00","7.Saturday","Detective Vikrant","Overall","Overall","Overall","Overall",22.61525,0.23329023363815748
"2026-02-28 00:00:00","7.Saturday","Secret Fauji | सीक्रेट फौजी","Overall","Overall","Overall","Overall",250.12196000000023,0.16399392728669127
"2026-02-28 00:00:00","7.Saturday","Shiva : Ek Pretyodha","Overall","Overall","Overall","Overall",18.032469999999993,0.056827618865099794
"2026-02-28 00:00:00","7.Saturday","The Return of Zombie  Father | द रिटर्न ऑफ़ ज़ॉम्बी फ़ादर","Overall","Overall","Overall","Overall",0.5895699999999999,
"2026-02-28 00:00:00","7.Saturday","Yakshini | यक्षिणी","Overall","Overall","Overall","Overall",20.932280000000002,-0.25279004152221496
"2026-02-27 00:00:00","6.Friday","Ameerzada Commander","Overall","Overall","Overall","Overall",15.003250000000001,
"2026-02-27 00:00:00","6.Friday","Commander Vikram Chauhan । कमांडर विक्रम चौहान","Overall","Overall","Overall","Overall",102.02534,-0.19873906570105682
"2026-02-27 00:00:00","6.Friday","Detective Vikrant","Overall","Overall","Overall","Overall",37.35906,1.0372594462833788
"2026-02-27 00:00:00","6.Friday","Secret Fauji | सीक्रेट फौजी","Overall","Overall","Overall","Overall",249.73424999999992,0.23941289762538176
"2026-02-27 00:00:00","6.Friday","Shiva : Ek Pretyodha","Overall","Overall","Overall","Overall",25.13401,1.729527735635342
"2026-02-27 00:00:00","6.Friday","The Return of Zombie  Father | द रिटर्न ऑफ़ ज़ॉम्बी फ़ादर","Overall","Overall","Overall","Overall",0.38461,
"2026-02-27 00:00:00","6.Friday","Yakshini | यक्षिणी","Overall","Overall","Overall","Overall",32.51411999999999,-0.019296685636794098
"2026-02-26 00:00:00","5.Thursday","Ameerzada Commander","Overall","Overall","Overall","Overall",14.491410000000004,
"2026-02-26 00:00:00","5.Thursday","Commander Vikram Chauhan । कमांडर विक्रम चौहान","Overall","Overall","Overall","Overall",98.22700999999995,-0.24304346325054182
"2026-02-26 00:00:00","5.Thursday","Detective Vikrant","Overall","Overall","Overall","Overall",31.13464,0.5007914977142003
"2026-02-26 00:00:00","5.Thursday","Secret Fauji | सीक्रेट फौजी","Overall","Overall","Overall","Overall",221.09395999999984,-0.11034154603202972
"2026-02-26 00:00:00","5.Thursday","Shiva : Ek Pretyodha","Overall","Overall","Overall","Overall",28.227780000000006,1.631021276318108
"2026-02-26 00:00:00","5.Thursday","The Return of Zombie  Father | द रिटर्न ऑफ़ ज़ॉम्बी फ़ादर","Overall","Overall","Overall","Overall",0.01178,
"2026-02-26 00:00:00","5.Thursday","Yakshini | यक्षिणी","Overall","Overall","Overall","Overall",28.84418000000001,-0.08679074676964138
"2026-02-25 00:00:00","4.Wednesday","Ameerzada Commander","Overall","Overall","Overall","Overall",27.709280000000003,
"2026-02-25 00:00:00","4.Wednesday","Commander Vikram Chauhan । कमांडर विक्रम चौहान","Overall","Overall","Overall","Overall",102.32488,-0.19275151943552127
"2026-02-25 00:00:00","4.Wednesday","Detective Vikrant","Overall","Overall","Overall","Overall",26.25886999999999,0.22968002124169296
"2026-02-25 00:00:00","4.Wednesday","Secret Fauji | सीक्रेट फौजी","Overall","Overall","Overall","Overall",226.8645,-0.07187472922034344
"2026-02-25 00:00:00","4.Wednesday","Shiva : Ek Pretyodha","Overall","Overall","Overall","Overall",32.51225999999998,1.8571305541446157
"2026-02-25 00:00:00","4.Wednesday","The Return of Zombie  Father | द रिटर्न ऑफ़ ज़ॉम्बी फ़ादर","Overall","Overall","Overall","Overall",0.2999,
"2026-02-25 00:00:00","4.Wednesday","Yakshini | यक्षिणी","Overall","Overall","Overall","Overall",31.447869999999998,-0.015357086386742047
"2026-02-24 00:00:00","3.Tuesday","Ameerzada Commander","Overall","Overall","Overall","Overall",36.448799999999984,
"2026-02-24 00:00:00","3.Tuesday","Commander Vikram Chauhan । कमांडर विक्रम चौहान","Overall","Overall","Overall","Overall",111.36631999999992,-0.15177201876323798
"2026-02-24 00:00:00","3.Tuesday","Detective Vikrant","Overall","Overall","Overall","Overall",31.672309999999996,0.8901709921987639
"2026-02-24 00:00:00","3.Tuesday","Secret Fauji | सीक्रेट फौजी","Overall","Overall","Overall","Overall",230.81608,-0.008020336057405153
"2026-02-24 00:00:00","3.Tuesday","Shiva : Ek Pretyodha","Overall","Overall","Overall","Overall",29.59248,1.0538523682216066
"2026-02-24 00:00:00","3.Tuesday","Yakshini | यक्षिणी","Overall","Overall","Overall","Overall",28.427,-0.2370794369196978
"2026-02-23 00:00:00","2.Monday","Ameerzada Commander","Overall","Overall","Overall","Overall",53.45401999999999,
"2026-02-23 00:00:00","2.Monday","Commander Vikram Chauhan । कमांडर विक्रम चौहान","Overall","Overall","Overall","Overall",115.81996,0.06554326119094411
"2026-02-23 00:00:00","2.Monday","Detective Vikrant","Overall","Overall","Overall","Overall",27.10282,1.2144328414426795
"2026-02-23 00:00:00","2.Monday","Secret Fauji | सीक्रेट फौजी","Overall","Overall","Overall","Overall",213.99323000000007,0.06800801071275941
"2026-02-23 00:00:00","2.Monday","Shiva : Ek Pretyodha","Overall","Overall","Overall","Overall",22.01876,1.2680836292205773
"2026-02-23 00:00:00","2.Monday","Yakshini | यक्षिणी","Overall","Overall","Overall","Overall",33.33621,-0.046840506049705355
"2026-02-22 00:00:00","1.Sunday","Ameerzada Commander","Overall","Overall","Overall","Overall",16.19743,
"2026-02-22 00:00:00","1.Sunday","Commander Vikram Chauhan । कमांडर विक्रम चौहान","Overall","Overall","Overall","Overall",120.1584100000001,0.17276893276810212
"2026-02-22 00:00:00","1.Sunday","Detective Vikrant","Overall","Overall","Overall","Overall",22.312149999999992,0.3198097906135131
"2026-02-22 00:00:00","1.Sunday","Secret Fauji | सीक्रेट फौजी","Overall","Overall","Overall","Overall",208.45817000000017,0.2347379019826541
"2026-02-22 00:00:00","1.Sunday","Shiva : Ek Pretyodha","Overall","Overall","Overall","Overall",29.456820000000004,2.2372088422926666
"2026-02-22 00:00:00","1.Sunday","Yakshini | यक्षिणी","Overall","Overall","Overall","Overall",24.19952,-0.26505453282052127
"2026-02-21 00:00:00","7.Saturday","Ameerzada Commander","Overall","Overall","Overall","Overall",0.40635,
"2026-02-21 00:00:00","7.Saturday","Commander Vikram Chauhan । कमांडर विक्रम चौहान","Overall","Overall","Overall","Overall",138.54490000000004,0.4109588538864979
"2026-02-21 00:00:00","7.Saturday","Detective Vikrant","Overall","Overall","Overall","Overall",18.337330000000005,0.3553860788825385
"2026-02-21 00:00:00","7.Saturday","Secret Fauji | सीक्रेट फौजी","Overall","Overall","Overall","Overall",214.88252999999997,0.07473071655556374
"2026-02-21 00:00:00","7.Saturday","Shiva : Ek Pretyodha","Overall","Overall","Overall","Overall",17.06283,0.48056623567295187
"2026-02-21 00:00:00","7.Saturday","Yakshini | यक्षिणी","Overall","Overall","Overall","Overall",28.013920000000013,-0.21267613590214363
"2026-02-20 00:00:00","6.Friday","Commander Vikram Chauhan । कमांडर विक्रम चौहान","Overall","Overall","Overall","Overall",127.33097999999994,0.750092362602381
"2026-02-20 00:00:00","6.Friday","Detective Vikrant","Overall","Overall","Overall","Overall",18.337900000000012,0.2904553774310532
"2026-02-20 00:00:00","6.Friday","Secret Fauji | सीक्रेट फौजी","Overall","Overall","Overall","Overall",201.4939900000002,-0.12042089573856674
"2026-02-20 00:00:00","6.Friday","Shiva : Ek Pretyodha","Overall","Overall","Overall","Overall",9.20819,-0.2591778234211798
"2026-02-20 00:00:00","6.Friday","Yakshini | यक्षिणी","Overall","Overall","Overall","Overall",33.15387999999999,0.15731619239709516
"2026-02-19 00:00:00","5.Thursday","Commander Vikram Chauhan । कमांडर विक्रम चौहान","Overall","Overall","Overall","Overall",129.76572000000007,1.0626597473543935
"2026-02-19 00:00:00","5.Thursday","Detective Vikrant","Overall","Overall","Overall","Overall",20.745480000000008,0.5096240399064191
"2026-02-19 00:00:00","5.Thursday","Secret Fauji | सीक्रेट फौजी","Overall","Overall","Overall","Overall",248.51555000000002,0.030192364882662748
"2026-02-19 00:00:00","5.Thursday","Shiva : Ek Pretyodha","Overall","Overall","Overall","Overall",10.72883,-0.1726682392568164
"2026-02-19 00:00:00","5.Thursday","Yakshini | यक्षिणी","Overall","Overall","Overall","Overall",31.58550999999998,-0.11503144620607308
"2026-02-18 00:00:00","4.Wednesday","Commander Vikram Chauhan । कमांडर विक्रम चौहान","Overall","Overall","Overall","Overall",126.75760000000002,0.6649446851190592
"2026-02-18 00:00:00","4.Wednesday","Detective Vikrant","Overall","Overall","Overall","Overall",21.354229999999994,0.30636234555401676
"2026-02-18 00:00:00","4.Wednesday","Secret Fauji | सीक्रेट फौजी","Overall","Overall","Overall","Overall",244.43305999999995,0.09259016974382384
"2026-02-18 00:00:00","4.Wednesday","Shiva : Ek Pretyodha","Overall","Overall","Overall","Overall",11.379339999999997,0.4180675777053886
"2026-02-18 00:00:00","4.Wednesday","Yakshini | यक्षिणी","Overall","Overall","Overall","Overall",31.93835,-0.08299364924503849
"2026-02-17 00:00:00","3.Tuesday","Commander Vikram Chauhan । कमांडर विक्रम चौहान","Overall","Overall","Overall","Overall",131.29291000000003,1.1631482442871608
"2026-02-17 00:00:00","3.Tuesday","Detective Vikrant","Overall","Overall","Overall","Overall",16.756320000000002,-0.43574099672853184
"2026-02-17 00:00:00","3.Tuesday","Secret Fauji | सीक्रेट फौजी","Overall","Overall","Overall","Overall",232.68226999999987,0.059251592424102384
"2026-02-17 00:00:00","3.Tuesday","Shiva : Ek Pretyodha","Overall","Overall","Overall","Overall",14.408279999999996,0.1877093268156773
"2026-02-17 00:00:00","3.Tuesday","Yakshini | यक्षिणी","Overall","Overall","Overall","Overall",37.26076,0.054401598265904294
"2026-02-16 00:00:00","2.Monday","Commander Vikram Chauhan । कमांडर विक्रम चौहान","Overall","Overall","Overall","Overall",108.6956900000001,1.0389771469808173
"2026-02-16 00:00:00","2.Monday","Detective Vikrant","Overall","Overall","Overall","Overall",12.23917,-0.15742490487687177
"2026-02-16 00:00:00","2.Monday","Secret Fauji | सीक्रेट फौजी","Overall","Overall","Overall","Overall",200.36668999999995,-0.06317442257941763
"2026-02-16 00:00:00","2.Monday","Shiva : Ek Pretyodha","Overall","Overall","Overall","Overall",9.708090000000002,-0.16775910844406328
"2026-02-16 00:00:00","2.Monday","Yakshini | यक्षिणी","Overall","Overall","Overall","Overall",34.97443,-0.12477167992772864
"2026-02-15 00:00:00","1.Sunday","Commander Vikram Chauhan । कमांडर विक्रम चौहान","Overall","Overall","Overall","Overall",102.45702000000001,1.292952312321452
"2026-02-15 00:00:00","1.Sunday","Detective Vikrant","Overall","Overall","Overall","Overall",16.905579999999997,0.09985680557371746
"2026-02-15 00:00:00","1.Sunday","Secret Fauji | सीक्रेट फौजी","Overall","Overall","Overall","Overall",168.8278699999999,-0.11699154496838593
"2026-02-15 00:00:00","1.Sunday","Shiva : Ek Pretyodha","Overall","Overall","Overall","Overall",9.09945,-0.025248656957842064
"2026-02-15 00:00:00","1.Sunday","Yakshini | यक्षिणी","Overall","Overall","Overall","Overall",32.92695999999999,-0.07589035505869812
"2026-02-14 00:00:00","7.Saturday","Commander Vikram Chauhan । कमांडर विक्रम चौहान","Overall","Overall","Overall","Overall",98.19201999999997,2.0427192841653548
"2026-02-14 00:00:00","7.Saturday","Detective Vikrant","Overall","Overall","Overall","Overall",13.529229999999998,-0.3614393118066822
"2026-02-14 00:00:00","7.Saturday","Secret Fauji | सीक्रेट फौजी","Overall","Overall","Overall","Overall",199.94081000000014,-0.048754760607739644
"2026-02-14 00:00:00","7.Saturday","Shiva : Ek Pretyodha","Overall","Overall","Overall","Overall",11.524529999999999,0.39053145202742323
"2026-02-14 00:00:00","7.Saturday","Yakshini | यक्षिणी","Overall","Overall","Overall","Overall",35.58119000000001,-0.04624690067414505
"2026-02-13 00:00:00","6.Friday","Commander Vikram Chauhan । कमांडर विक्रम चौहान","Overall","Overall","Overall","Overall",72.75672000000002,0.888193947748962
"2026-02-13 00:00:00","6.Friday","Detective Vikrant","Overall","Overall","Overall","Overall",14.21041,-0.46920764811985005
"2026-02-13 00:00:00","6.Friday","Secret Fauji | सीक्रेट फौजी","Overall","Overall","Overall","Overall",229.08001000000002,0.024307081418905918
"2026-02-13 00:00:00","6.Friday","Shiva : Ek Pretyodha","Overall","Overall","Overall","Overall",12.429690000000006,0.27649223918549026
"2026-02-13 00:00:00","6.Friday","Yakshini | यक्षिणी","Overall","Overall","Overall","Overall",28.64721,-0.0812297646404182
"2026-02-12 00:00:00","5.Thursday","Commander Vikram Chauhan । कमांडर विक्रम चौहान","Overall","Overall","Overall","Overall",62.91184000000002,0.42663477109088843
"2026-02-12 00:00:00","5.Thursday","Detective Vikrant","Overall","Overall","Overall","Overall",13.742150000000006,-0.4599731364914589
"2026-02-12 00:00:00","5.Thursday","Secret Fauji | सीक्रेट फौजी","Overall","Overall","Overall","Overall",241.23217999999983,0.052886063682030526
"2026-02-12 00:00:00","5.Thursday","Shiva : Ek Pretyodha","Overall","Overall","Overall","Overall",12.967990000000004,-0.17491991283462427
"2026-02-12 00:00:00","5.Thursday","Yakshini | यक्षिणी","Overall","Overall","Overall","Overall",35.69111000000002,0.19005552641731138
"2026-02-11 00:00:00","4.Wednesday","Commander Vikram Chauhan । कमांडर विक्रम चौहान","Overall","Overall","Overall","Overall",76.13321999999998,0.5505131669923493
"2026-02-11 00:00:00","4.Wednesday","Detective Vikrant","Overall","Overall","Overall","Overall",16.346330000000002,-0.4724948367109848
"2026-02-11 00:00:00","4.Wednesday","Secret Fauji | सीक्रेट फौजी","Overall","Overall","Overall","Overall",223.71889000000007,-0.020433554441824597
"2026-02-11 00:00:00","4.Wednesday","Shiva : Ek Pretyodha","Overall","Overall","Overall","Overall",8.024539999999998,-0.38533575996004665
"2026-02-11 00:00:00","4.Wednesday","Yakshini | यक्षिणी","Overall","Overall","Overall","Overall",34.82893,-0.03522893726219323
"2026-02-10 00:00:00","3.Tuesday","Commander Vikram Chauhan । कमांडर विक्रम चौहान","Overall","Overall","Overall","Overall",60.69528999999998,0.3193641605932067
"2026-02-10 00:00:00","3.Tuesday","Detective Vikrant","Overall","Overall","Overall","Overall",29.69614999999999,-0.06468553769128838
"2026-02-10 00:00:00","3.Tuesday","Secret Fauji | सीक्रेट फौजी","Overall","Overall","Overall","Overall",219.66667000000007,-0.05020051938609116
"2026-02-10 00:00:00","3.Tuesday","Shiva : Ek Pretyodha","Overall","Overall","Overall","Overall",12.131149999999993,-0.08389599542671078
"2026-02-10 00:00:00","3.Tuesday","Yakshini | यक्षिणी","Overall","Overall","Overall","Overall",35.33829999999999,0.4085283439110896
"2026-02-09 00:00:00","2.Monday","Commander Vikram Chauhan । कमांडर विक्रम चौहान","Overall","Overall","Overall","Overall",53.308930000000004,0.1070483910926816
"2026-02-09 00:00:00","2.Monday","Detective Vikrant","Overall","Overall","Overall","Overall",14.52591,-0.47379595574584266
"2026-02-09 00:00:00","2.Monday","Secret Fauji | सीक्रेट फौजी","Overall","Overall","Overall","Overall",213.8783300000001,-0.10080572858659209
"2026-02-09 00:00:00","2.Monday","Shiva : Ek Pretyodha","Overall","Overall","Overall","Overall",11.665000000000001,1.35107980369038
"2026-02-09 00:00:00","2.Monday","Yakshini | यक्षिणी","Overall","Overall","Overall","Overall",39.96035000000001,-0.3281024086712362
"2026-02-08 00:00:00","1.Sunday","Commander Vikram Chauhan । कमांडर विक्रम चौहान","Overall","Overall","Overall","Overall",44.683450000000015,0.09482946186965235
"2026-02-08 00:00:00","1.Sunday","Detective Vikrant","Overall","Overall","Overall","Overall",15.370710000000003,-0.37680786296731206
"2026-02-08 00:00:00","1.Sunday","Secret Fauji | सीक्रेट फौजी","Overall","Overall","Overall","Overall",191.19620999999984,-0.10619811072152996
"2026-02-08 00:00:00","1.Sunday","Shiva : Ek Pretyodha","Overall","Overall","Overall","Overall",9.335149999999999,-0.2300792918987664
"2026-02-08 00:00:00","1.Sunday","Yakshini | यक्षिणी","Overall","Overall","Overall","Overall",35.63101000000001,0.47870505131745444
"2026-02-07 00:00:00","7.Saturday","Commander Vikram Chauhan । कमांडर विक्रम चौहान","Overall","Overall","Overall","Overall",32.27114000000001,-0.2082069747950288
"2026-02-07 00:00:00","7.Saturday","Detective Vikrant","Overall","Overall","Overall","Overall",21.187070000000002,-0.1565089371060393
"2026-02-07 00:00:00","7.Saturday","Secret Fauji | सीक्रेट फौजी","Overall","Overall","Overall","Overall",210.18850000000003,-0.12610278391821383
"2026-02-07 00:00:00","7.Saturday","Shiva : Ek Pretyodha","Overall","Overall","Overall","Overall",8.287859999999998,0.17934685165421516
"2026-02-07 00:00:00","7.Saturday","Yakshini | यक्षिणी","Overall","Overall","Overall","Overall",37.3065,0.19792618271388696
"2026-02-06 00:00:00","6.Friday","Commander Vikram Chauhan । कमांडर विक्रम चौहान","Overall","Overall","Overall","Overall",38.53244,0.004339525021535895
"2026-02-06 00:00:00","6.Friday","Detective Vikrant","Overall","Overall","Overall","Overall",26.77206999999999,-0.15913590855925341
"2026-02-06 00:00:00","6.Friday","Secret Fauji | सीक्रेट फौजी","Overall","Overall","Overall","Overall",223.64387999999997,-0.2368370234771593
"2026-02-06 00:00:00","6.Friday","Shiva : Ek Pretyodha","Overall","Overall","Overall","Overall",9.737379999999998,0.16936449435395584
"2026-02-06 00:00:00","6.Friday","Yakshini | यक्षिणी","Overall","Overall","Overall","Overall",31.17995000000001,0.4258051948230115
"2026-02-05 00:00:00","5.Thursday","Commander Vikram Chauhan । कमांडर विक्रम चौहान","Overall","Overall","Overall","Overall",44.09807000000003,-0.0634733746145153
"2026-02-05 00:00:00","5.Thursday","Detective Vikrant","Overall","Overall","Overall","Overall",25.447159999999997,-0.28474047657059887
"2026-02-05 00:00:00","5.Thursday","Secret Fauji | सीक्रेट फौजी","Overall","Overall","Overall","Overall",229.11517999999995,-0.14348383168355583
"2026-02-05 00:00:00","5.Thursday","Shiva : Ek Pretyodha","Overall","Overall","Overall","Overall",15.717250000000002,0.21889320332633044
"2026-02-05 00:00:00","5.Thursday","Yakshini | यक्षिणी","Overall","Overall","Overall","Overall",29.991130000000005,0.06954146964938213
"2026-02-04 00:00:00","4.Wednesday","Commander Vikram Chauhan । कमांडर विक्रम चौहान","Overall","Overall","Overall","Overall",49.101949999999995,0.06626242955292816
"2026-02-04 00:00:00","4.Wednesday","Detective Vikrant","Overall","Overall","Overall","Overall",30.988,0.025849840186843442
"2026-02-04 00:00:00","4.Wednesday","Secret Fauji | सीक्रेट फौजी","Overall","Overall","Overall","Overall",228.38561999999993,-0.07246619192410819
"2026-02-04 00:00:00","4.Wednesday","Shiva : Ek Pretyodha","Overall","Overall","Overall","Overall",13.055160000000003,0.1869956694055277
"2026-02-04 00:00:00","4.Wednesday","Yakshini | यक्षिणी","Overall","Overall","Overall","Overall",36.10072,0.05013097286440105
"2026-02-03 00:00:00","3.Tuesday","Commander Vikram Chauhan । कमांडर विक्रम चौहान","Overall","Overall","Overall","Overall",46.00344000000002,-0.06365280399749595
"2026-02-03 00:00:00","3.Tuesday","Detective Vikrant","Overall","Overall","Overall","Overall",31.749910000000003,-0.14154723098852928
"2026-02-03 00:00:00","3.Tuesday","Secret Fauji | सीक्रेट फौजी","Overall","Overall","Overall","Overall",231.27688999999992,0.05767807181341045
"2026-02-03 00:00:00","3.Tuesday","Shiva : Ek Pretyodha","Overall","Overall","Overall","Overall",13.242109999999993,-0.18040273939536522
"2026-02-03 00:00:00","3.Tuesday","Yakshini | यक्षिणी","Overall","Overall","Overall","Overall",25.088810000000002,-0.20427983909768854
"2026-02-02 00:00:00","2.Monday","Commander Vikram Chauhan । कमांडर विक्रम चौहान","Overall","Overall","Overall","Overall",48.154109999999996,0.06093475907269674
"2026-02-02 00:00:00","2.Monday","Detective Vikrant","Overall","Overall","Overall","Overall",27.605090000000004,0.3351401154973448
"2026-02-02 00:00:00","2.Monday","Secret Fauji | सीक्रेट फौजी","Overall","Overall","Overall","Overall",237.8555300000001,-0.08313789674757588
"2026-02-02 00:00:00","2.Monday","Shiva : Ek Pretyodha","Overall","Overall","Overall","Overall",4.961549999999998,-0.6641940298002377
"2026-02-02 00:00:00","2.Monday","Yakshini | यक्षिणी","Overall","Overall","Overall","Overall",59.473869999999984,0.8613195887774772
"2026-02-01 00:00:00","1.Sunday","Commander Vikram Chauhan । कमांडर विक्रम चौहान","Overall","Overall","Overall","Overall",40.813159999999996,0.03507939897509438
"2026-02-01 00:00:00","1.Sunday","Detective Vikrant","Overall","Overall","Overall","Overall",24.66448000000002,-0.030284158483963486
"2026-02-01 00:00:00","1.Sunday","Secret Fauji | सीक्रेट फौजी","Overall","Overall","Overall","Overall",213.91340999999986,-0.11111167901101093
"2026-02-01 00:00:00","1.Sunday","Shiva : Ek Pretyodha","Overall","Overall","Overall","Overall",12.12482,-0.18406325706594895
"2026-02-01 00:00:00","1.Sunday","Yakshini | यक्षिणी","Overall","Overall","Overall","Overall",24.096090000000007,-0.0983949199592753
"2026-01-31 00:00:00","7.Saturday","Commander Vikram Chauhan । कमांडर विक्रम चौहान","Overall","Overall","Overall","Overall",40.75703999999999,-0.2687260807079309
"2026-01-31 00:00:00","7.Saturday","Detective Vikrant","Overall","Overall","Overall","Overall",25.11831,-0.3845118853311623
"2026-01-31 00:00:00","7.Saturday","Secret Fauji | सीक्रेट फौजी","Overall","Overall","Overall","Overall",240.51855999999998,-0.01539496419732389
"2026-01-31 00:00:00","7.Saturday","Shiva : Ek Pretyodha","Overall","Overall","Overall","Overall",7.027500000000001,-0.5855935756537183
"2026-01-31 00:00:00","7.Saturday","Yakshini | यक्षिणी","Overall","Overall","Overall","Overall",31.14256999999999,0.11783660113827499
"2026-01-30 00:00:00","6.Friday","Commander Vikram Chauhan । कमांडर विक्रम चौहान","Overall","Overall","Overall","Overall",38.365950000000005,-0.21536151785593727
"2026-01-30 00:00:00","6.Friday","Detective Vikrant","Overall","Overall","Overall","Overall",31.838760000000004,-0.0929477071394692
"2026-01-30 00:00:00","6.Friday","Secret Fauji | सीक्रेट फौजी","Overall","Overall","Overall","Overall",293.0486499999997,0.060959720961057284
"2026-01-30 00:00:00","6.Friday","Shiva : Ek Pretyodha","Overall","Overall","Overall","Overall",8.327070000000003,-0.32718211500750183
"2026-01-30 00:00:00","6.Friday","Yakshini | यक्षिणी","Overall","Overall","Overall","Overall",21.868309999999997,-0.3074182598544546
"2026-01-29 00:00:00","5.Thursday","Commander Vikram Chauhan । कमांडर विक्रम चौहान","Overall","Overall","Overall","Overall",47.08683000000003,-0.14973169330713032
"2026-01-29 00:00:00","5.Thursday","Detective Vikrant","Overall","Overall","Overall","Overall",35.577520000000014,-0.229075792895995
"2026-01-29 00:00:00","5.Thursday","Secret Fauji | सीक्रेट फौजी","Overall","Overall","Overall","Overall",267.49662000000006,0.03435385843418293
"2026-01-29 00:00:00","5.Thursday","Shiva : Ek Pretyodha","Overall","Overall","Overall","Overall",12.89469,-0.28248868619657563
"2026-01-29 00:00:00","5.Thursday","Yakshini | यक्षिणी","Overall","Overall","Overall","Overall",28.041110000000018,-0.23818637939859266
"2026-01-28 00:00:00","4.Wednesday","Commander Vikram Chauhan । कमांडर विक्रम चौहान","Overall","Overall","Overall","Overall",46.050529999999995,-0.2473577330447011
"2026-01-28 00:00:00","4.Wednesday","Detective Vikrant","Overall","Overall","Overall","Overall",30.207149999999995,-0.13960897933072325
"2026-01-28 00:00:00","4.Wednesday","Secret Fauji | सीक्रेट फौजी","Overall","Overall","Overall","Overall",246.22889000000006,0.016178997871226786
"2026-01-28 00:00:00","4.Wednesday","Shiva : Ek Pretyodha","Overall","Overall","Overall","Overall",10.99849,-0.42558803053575467
"2026-01-28 00:00:00","4.Wednesday","Yakshini | यक्षिणी","Overall","Overall","Overall","Overall",34.377349999999986,-0.34257326866672666
"2026-01-27 00:00:00","3.Tuesday","Commander Vikram Chauhan । कमांडर विक्रम चौहान","Overall","Overall","Overall","Overall",49.13074999999999,-0.22413967357197606
"2026-01-27 00:00:00","3.Tuesday","Detective Vikrant","Overall","Overall","Overall","Overall",36.98504,-0.13473972386096822
"2026-01-27 00:00:00","3.Tuesday","Secret Fauji | सीक्रेट फौजी","Overall","Overall","Overall","Overall",218.6647299999999,-0.18566035740268316
"2026-01-27 00:00:00","3.Tuesday","Shiva : Ek Pretyodha","Overall","Overall","Overall","Overall",16.15685,-0.05746720763973734
"2026-01-27 00:00:00","3.Tuesday","Yakshini | यक्षिणी","Overall","Overall","Overall","Overall",31.529690000000002,-0.3462525575813472
"2026-01-26 00:00:00","2.Monday","Commander Vikram Chauhan । कमांडर विक्रम चौहान","Overall","Overall","Overall","Overall",45.38837999999999,-0.10632265325518675
"2026-01-26 00:00:00","2.Monday","Detective Vikrant","Overall","Overall","Overall","Overall",20.675800000000002,-0.577058494791526
"2026-01-26 00:00:00","2.Monday","Secret Fauji | सीक्रेट फौजी","Overall","Overall","Overall","Overall",259.42345,-0.11175945744296634
"2026-01-26 00:00:00","2.Monday","Shiva : Ek Pretyodha","Overall","Overall","Overall","Overall",14.775049999999998,-0.10300012809904058
"2026-01-26 00:00:00","2.Monday","Yakshini | यक्षिणी","Overall","Overall","Overall","Overall",31.95252999999999,-0.13845182749693064
"2026-01-25 00:00:00","1.Sunday","Commander Vikram Chauhan । कमांडर विक्रम चौहान","Overall","Overall","Overall","Overall",39.42998,-0.09928683034694463
"2026-01-25 00:00:00","1.Sunday","Detective Vikrant","Overall","Overall","Overall","Overall",25.434750000000008,-0.22174121776742306
"2026-01-25 00:00:00","1.Sunday","Secret Fauji | सीक्रेट फौजी","Overall","Overall","Overall","Overall",240.65274000000014,-0.03994401778434986
"2026-01-25 00:00:00","1.Sunday","Shiva : Ek Pretyodha","Overall","Overall","Overall","Overall",14.860000000000001,-0.20007579362601435
"2026-01-25 00:00:00","1.Sunday","Yakshini | यक्षिणी","Overall","Overall","Overall","Overall",26.725770000000008,-0.33031430094219316
"2026-01-24 00:00:00","7.Saturday","Commander Vikram Chauhan । कमांडर विक्रम चौहान","Overall","Overall","Overall","Overall",55.73430000000003,-0.00812410572549227
"2026-01-24 00:00:00","7.Saturday","Detective Vikrant","Overall","Overall","Overall","Overall",40.81039000000003,0.7576571055225927
"2026-01-24 00:00:00","7.Saturday","Secret Fauji | सीक्रेट फौजी","Overall","Overall","Overall","Overall",244.2792299999998,-0.08521348618570035
"2026-01-24 00:00:00","7.Saturday","Shiva : Ek Pretyodha","Overall","Overall","Overall","Overall",16.957989999999995,-0.1896133003278252
"2026-01-24 00:00:00","7.Saturday","Yakshini | यक्षिणी","Overall","Overall","Overall","Overall",27.859680000000008,-0.2794439498718967
"2026-01-23 00:00:00","6.Friday","Commander Vikram Chauhan । कमांडर विक्रम चौहान","Overall","Overall","Overall","Overall",48.89633999999998,-0.08319786520987338
"2026-01-23 00:00:00","6.Friday","Detective Vikrant","Overall","Overall","Overall","Overall",35.10135000000001,-0.018720197567917096
"2026-01-23 00:00:00","6.Friday","Secret Fauji | सीक्रेट फौजी","Overall","Overall","Overall","Overall",276.21091,0.09827983645422278
"2026-01-23 00:00:00","6.Friday","Shiva : Ek Pretyodha","Overall","Overall","Overall","Overall",12.376409999999998,-0.4498766975204379
"2026-01-23 00:00:00","6.Friday","Yakshini | यक्षिणी","Overall","Overall","Overall","Overall",31.57505999999999,-0.14107435820082737
"2026-01-22 00:00:00","5.Thursday","Commander Vikram Chauhan । कमांडर विक्रम चौहान","Overall","Overall","Overall","Overall",55.37879,0.016910873838964946
"2026-01-22 00:00:00","5.Thursday","Detective Vikrant","Overall","Overall","Overall","Overall",46.14918000000001,0.33543089897654665
"2026-01-22 00:00:00","5.Thursday","Secret Fauji | सीक्रेट फौजी","Overall","Overall","Overall","Overall",258.6122900000002,-0.061854071334444316
"2026-01-22 00:00:00","5.Thursday","Shiva : Ek Pretyodha","Overall","Overall","Overall","Overall",17.971410000000002,-0.0912666809261371
"2026-01-22 00:00:00","5.Thursday","Yakshini | यक्षिणी","Overall","Overall","Overall","Overall",36.80836,-0.07500856302297076
"2026-01-21 00:00:00","4.Wednesday","Commander Vikram Chauhan । कमांडर विक्रम चौहान","Overall","Overall","Overall","Overall",61.185149999999986,0.21306610852082386
"2026-01-21 00:00:00","4.Wednesday","Detective Vikrant","Overall","Overall","Overall","Overall",35.108630000000005,-0.0470306422411807
"2026-01-21 00:00:00","4.Wednesday","Secret Fauji | सीक्रेट फौजी","Overall","Overall","Overall","Overall",242.3085800000001,-0.06743930093445494
"2026-01-21 00:00:00","4.Wednesday","Shiva : Ek Pretyodha","Overall","Overall","Overall","Overall",19.147390000000005,-0.13831928204786614
"2026-01-21 00:00:00","4.Wednesday","Yakshini | यक्षिणी","Overall","Overall","Overall","Overall",52.290769999999995,0.4317965318121664
"2026-01-20 00:00:00","3.Tuesday","Commander Vikram Chauhan । कमांडर विक्रम चौहान","Overall","Overall","Overall","Overall",63.32421999999998,0.27388567577625866
"2026-01-20 00:00:00","3.Tuesday","Detective Vikrant","Overall","Overall","Overall","Overall",42.74441000000001,0.79347124658147
"2026-01-20 00:00:00","3.Tuesday","Secret Fauji | सीक्रेट फौजी","Overall","Overall","Overall","Overall",268.51784999999995,-0.10528395166708626
"2026-01-20 00:00:00","3.Tuesday","Shiva : Ek Pretyodha","Overall","Overall","Overall","Overall",17.141949999999994,-0.33575454388694403
"2026-01-20 00:00:00","3.Tuesday","Yakshini | यक्षिणी","Overall","Overall","Overall","Overall",48.229160000000014,0.4056545427943732
"2026-01-19 00:00:00","2.Monday","Commander Vikram Chauhan । कमांडर विक्रम चौहान","Overall","Overall","Overall","Overall",50.78832999999999,0.030996270711698637
"2026-01-19 00:00:00","2.Monday","Detective Vikrant","Overall","Overall","Overall","Overall",48.88572000000001,1.0218372578359785
"2026-01-19 00:00:00","2.Monday","Secret Fauji | सीक्रेट फौजी","Overall","Overall","Overall","Overall",292.06441000000007,-0.016519800128160567
"2026-01-19 00:00:00","2.Monday","Shiva : Ek Pretyodha","Overall","Overall","Overall","Overall",16.471629999999998,-0.363582025656659
"2026-01-19 00:00:00","2.Monday","Yakshini | यक्षिणी","Overall","Overall","Overall","Overall",37.087340000000005,-0.06397929451433326
"2026-01-18 00:00:00","1.Sunday","Commander Vikram Chauhan । कमांडर विक्रम चौहान","Overall","Overall","Overall","Overall",43.77639999999999,-0.23959437065961708
"2026-01-18 00:00:00","1.Sunday","Detective Vikrant","Overall","Overall","Overall","Overall",32.68161,0.8293990317201485
"2026-01-18 00:00:00","1.Sunday","Secret Fauji | सीक्रेट फौजी","Overall","Overall","Overall","Overall",250.6653199999999,-0.1777072256992901
"2026-01-18 00:00:00","1.Sunday","Shiva : Ek Pretyodha","Overall","Overall","Overall","Overall",18.57676,-0.3828655182906978
"2026-01-18 00:00:00","1.Sunday","Yakshini | यक्षिणी","Overall","Overall","Overall","Overall",39.90792999999998,-0.0015401747683044809
"2026-01-17 00:00:00","7.Saturday","Commander Vikram Chauhan । कमांडर विक्रम चौहान","Overall","Overall","Overall","Overall",56.190800000000024,0.16912302457120787
"2026-01-17 00:00:00","7.Saturday","Detective Vikrant","Overall","Overall","Overall","Overall",23.218629999999994,0.09572232512594181
"2026-01-17 00:00:00","7.Saturday","Secret Fauji | सीक्रेट फौजी","Overall","Overall","Overall","Overall",267.0341400000002,-0.1429645680734195
"2026-01-17 00:00:00","7.Saturday","Shiva : Ek Pretyodha","Overall","Overall","Overall","Overall",20.9258,-0.2904704585911675
"2026-01-17 00:00:00","7.Saturday","Yakshini | यक्षिणी","Overall","Overall","Overall","Overall",38.66414,-0.001046644266257335
"2026-01-16 00:00:00","6.Friday","Commander Vikram Chauhan । कमांडर विक्रम चौहान","Overall","Overall","Overall","Overall",53.33357999999998,0.027833077082884294
"2026-01-16 00:00:00","6.Friday","Detective Vikrant","Overall","Overall","Overall","Overall",35.77099,1.4472049137036938
"2026-01-16 00:00:00","6.Friday","Secret Fauji | सीक्रेट फौजी","Overall","Overall","Overall","Overall",251.49410999999975,-0.23419566646299672
"2026-01-16 00:00:00","6.Friday","Shiva : Ek Pretyodha","Overall","Overall","Overall","Overall",22.49752,-0.4634290140888069
"2026-01-16 00:00:00","6.Friday","Yakshini | यक्षिणी","Overall","Overall","Overall","Overall",36.76111000000001,0.03700758436998086
"2026-01-15 00:00:00","5.Thursday","Commander Vikram Chauhan । कमांडर विक्रम चौहान","Overall","Overall","Overall","Overall",54.45785999999999,0.02088931089138213
"2026-01-15 00:00:00","5.Thursday","Detective Vikrant","Overall","Overall","Overall","Overall",34.55752000000001,0.6179803478064638
"2026-01-15 00:00:00","5.Thursday","Secret Fauji | सीक्रेट फौजी","Overall","Overall","Overall","Overall",275.66317999999995,-0.204049006754649
"2026-01-15 00:00:00","5.Thursday","Shiva : Ek Pretyodha","Overall","Overall","Overall","Overall",19.776329999999994,-0.7077290887761036
"2026-01-15 00:00:00","5.Thursday","Yakshini | यक्षिणी","Overall","Overall","Overall","Overall",39.79319000000005,-0.28346313633240217
"2026-01-14 00:00:00","4.Wednesday","Commander Vikram Chauhan । कमांडर विक्रम चौहान","Overall","Overall","Overall","Overall",50.438430000000004,-0.06921790833245656
"2026-01-14 00:00:00","4.Wednesday","Detective Vikrant","Overall","Overall","Overall","Overall",36.84130000000002,0.5603203033114978
"2026-01-14 00:00:00","4.Wednesday","Secret Fauji | सीक्रेट फौजी","Overall","Overall","Overall","Overall",259.83142999999984,-0.170921704207756
"2026-01-14 00:00:00","4.Wednesday","Shiva : Ek Pretyodha","Overall","Overall","Overall","Overall",22.220979999999997,-0.5982191514806113
"2026-01-14 00:00:00","4.Wednesday","Yakshini | यक्षिणी","Overall","Overall","Overall","Overall",36.52109,-0.34459094597002815
"2026-01-13 00:00:00","3.Tuesday","Commander Vikram Chauhan । कमांडर विक्रम चौहान","Overall","Overall","Overall","Overall",49.70950000000004,-0.04151435699061412
"2026-01-13 00:00:00","3.Tuesday","Detective Vikrant","Overall","Overall","Overall","Overall",23.83334,-0.16651430785618926
"2026-01-13 00:00:00","3.Tuesday","Secret Fauji | सीक्रेट फौजी","Overall","Overall","Overall","Overall",300.1151599999998,-0.133442281364615
"2026-01-13 00:00:00","3.Tuesday","Shiva : Ek Pretyodha","Overall","Overall","Overall","Overall",25.806649999999998,-0.3731825764398756
"2026-01-13 00:00:00","3.Tuesday","Yakshini | यक्षिणी","Overall","Overall","Overall","Overall",34.310819999999985,-0.3104443578473116
"2026-01-12 00:00:00","2.Monday","Commander Vikram Chauhan । कमांडर विक्रम चौहान","Overall","Overall","Overall","Overall",49.26141000000001,-0.008975695251245863
"2026-01-12 00:00:00","2.Monday","Detective Vikrant","Overall","Overall","Overall","Overall",24.178859999999993,0.1755600339362937
"2026-01-12 00:00:00","2.Monday","Secret Fauji | सीक्रेट फौजी","Overall","Overall","Overall","Overall",296.97029999999995,-0.15798828216428606
"2026-01-12 00:00:00","2.Monday","Shiva : Ek Pretyodha","Overall","Overall","Overall","Overall",25.881780000000003,-0.25169311581883647
"2026-01-12 00:00:00","2.Monday","Yakshini | यक्षिणी","Overall","Overall","Overall","Overall",39.62235,-0.10074405498163208
"2026-01-11 00:00:00","1.Sunday","Commander Vikram Chauhan । कमांडर विक्रम चौहान","Overall","Overall","Overall","Overall",57.569800000000015,0.0913424791322921
"2026-01-11 00:00:00","1.Sunday","Detective Vikrant","Overall","Overall","Overall","Overall",17.864670000000007,0.059610964640429254
"2026-01-11 00:00:00","1.Sunday","Secret Fauji | सीक्रेट फौजी","Overall","Overall","Overall","Overall",304.8370700000002,-0.03692184702371992
"2026-01-11 00:00:00","1.Sunday","Shiva : Ek Pretyodha","Overall","Overall","Overall","Overall",30.10164,3.650381434093317
"2026-01-11 00:00:00","1.Sunday","Yakshini | यक्षिणी","Overall","Overall","Overall","Overall",39.96948999999998,0.23078820411329248
"2026-01-10 00:00:00","7.Saturday","Commander Vikram Chauhan । कमांडर विक्रम चौहान","Overall","Overall","Overall","Overall",48.06235000000002,-0.2402250948368022
"2026-01-10 00:00:00","7.Saturday","Detective Vikrant","Overall","Overall","Overall","Overall",21.190250000000006,0.04207391408474925
"2026-01-10 00:00:00","7.Saturday","Secret Fauji | सीक्रेट फौजी","Overall","Overall","Overall","Overall",311.57888,-0.07298216473515451
"2026-01-10 00:00:00","7.Saturday","Shiva : Ek Pretyodha","Overall","Overall","Overall","Overall",29.492500000000007,107.71207932470789
"2026-01-10 00:00:00","7.Saturday","Yakshini | यक्षिणी","Overall","Overall","Overall","Overall",38.70465,0.03730944074029785
"2026-01-09 00:00:00","6.Friday","Commander Vikram Chauhan । कमांडर विक्रम चौहान","Overall","Overall","Overall","Overall",51.88933999999998,-0.15136856438813295
"2026-01-09 00:00:00","6.Friday","Detective Vikrant","Overall","Overall","Overall","Overall",14.617080000000005,-0.08370078295919692
"2026-01-09 00:00:00","6.Friday","Secret Fauji | सीक्रेट फौजी","Overall","Overall","Overall","Overall",328.4051800000002,0.010172870949683999
"2026-01-09 00:00:00","6.Friday","Shiva : Ek Pretyodha","Overall","Overall","Overall","Overall",41.92832000000001,186.38076510547018
"2026-01-09 00:00:00","6.Friday","Yakshini | यक्षिणी","Overall","Overall","Overall","Overall",35.44922,-0.11656160704094687
"2026-01-08 00:00:00","5.Thursday","Commander Vikram Chauhan । कमांडर विक्रम चौहान","Overall","Overall","Overall","Overall",53.34355000000001,0.08192753636709882
"2026-01-08 00:00:00","5.Thursday","Detective Vikrant","Overall","Overall","Overall","Overall",21.35843,1.2291926723472115
"2026-01-08 00:00:00","5.Thursday","Secret Fauji | सीक्रेट फौजी","Overall","Overall","Overall","Overall",346.33185000000003,0.09489232125226632
"2026-01-08 00:00:00","5.Thursday","Shiva : Ek Pretyodha","Overall","Overall","Overall","Overall",67.66438000000002,2550.447209653093
"2026-01-08 00:00:00","5.Thursday","Yakshini | यक्षिणी","Overall","Overall","Overall","Overall",55.53543999999999,0.8198233505718464
"2026-01-07 00:00:00","4.Wednesday","Commander Vikram Chauhan । कमांडर विक्रम चौहान","Overall","Overall","Overall","Overall",54.18929999999999,
"2026-01-07 00:00:00","4.Wednesday","Detective Vikrant","Overall","Overall","Overall","Overall",23.61137000000001,
"2026-01-07 00:00:00","4.Wednesday","Secret Fauji | सीक्रेट फौजी","Overall","Overall","Overall","Overall",313.3979399999999,
"2026-01-07 00:00:00","4.Wednesday","Shiva : Ek Pretyodha","Overall","Overall","Overall","Overall",55.30622000000003,
"2026-01-07 00:00:00","4.Wednesday","Yakshini | यक्षिणी","Overall","Overall","Overall","Overall",55.72259000000005,
"2026-01-06 00:00:00","3.Tuesday","Commander Vikram Chauhan । कमांडर विक्रम चौहान","Overall","Overall","Overall","Overall",51.862540000000045,
"2026-01-06 00:00:00","3.Tuesday","Detective Vikrant","Overall","Overall","Overall","Overall",28.594780000000004,
"2026-01-06 00:00:00","3.Tuesday","Secret Fauji | सीक्रेट फौजी","Overall","Overall","Overall","Overall",346.33026000000007,
"2026-01-06 00:00:00","3.Tuesday","Shiva : Ek Pretyodha","Overall","Overall","Overall","Overall",41.17092,
"2026-01-06 00:00:00","3.Tuesday","Yakshini | यक्षिणी","Overall","Overall","Overall","Overall",49.75787,
"2026-01-05 00:00:00","2.Monday","Commander Vikram Chauhan । कमांडर विक्रम चौहान","Overall","Overall","Overall","Overall",49.70756999999998,
"2026-01-05 00:00:00","2.Monday","Detective Vikrant","Overall","Overall","Overall","Overall",20.56795,
"2026-01-05 00:00:00","2.Monday","Secret Fauji | सीक्रेट फौजी","Overall","Overall","Overall","Overall",352.69140999999985,
"2026-01-05 00:00:00","2.Monday","Shiva : Ek Pretyodha","Overall","Overall","Overall","Overall",34.58712,
"2026-01-05 00:00:00","2.Monday","Yakshini | यक्षिणी","Overall","Overall","Overall","Overall",44.06125999999998,
"2026-01-04 00:00:00","1.Sunday","Commander Vikram Chauhan । कमांडर विक्रम चौहान","Overall","Overall","Overall","Overall",52.751359999999984,
"2026-01-04 00:00:00","1.Sunday","Detective Vikrant","Overall","Overall","Overall","Overall",16.859649999999995,
"2026-01-04 00:00:00","1.Sunday","Secret Fauji | सीक्रेट फौजी","Overall","Overall","Overall","Overall",316.5237100000005,
"2026-01-04 00:00:00","1.Sunday","Shiva : Ek Pretyodha","Overall","Overall","Overall","Overall",6.472940000000001,
"2026-01-04 00:00:00","1.Sunday","Yakshini | यक्षिणी","Overall","Overall","Overall","Overall",32.47471,
"2026-01-03 00:00:00","7.Saturday","Commander Vikram Chauhan । कमांडर विक्रम चौहान","Overall","Overall","Overall","Overall",63.25867,
"2026-01-03 00:00:00","7.Saturday","Detective Vikrant","Overall","Overall","Overall","Overall",20.33469,
"2026-01-03 00:00:00","7.Saturday","Secret Fauji | सीक्रेट फौजी","Overall","Overall","Overall","Overall",336.10883000000007,
"2026-01-03 00:00:00","7.Saturday","Shiva : Ek Pretyodha","Overall","Overall","Overall","Overall",0.27129000000000003,
"2026-01-03 00:00:00","7.Saturday","Yakshini | यक्षिणी","Overall","Overall","Overall","Overall",37.312540000000006,
"2026-01-02 00:00:00","6.Friday","Commander Vikram Chauhan । कमांडर विक्रम चौहान","Overall","Overall","Overall","Overall",61.14472999999998,
"2026-01-02 00:00:00","6.Friday","Detective Vikrant","Overall","Overall","Overall","Overall",15.952300000000003,
"2026-01-02 00:00:00","6.Friday","Secret Fauji | सीक्रेट फौजी","Overall","Overall","Overall","Overall",325.09799999999984,
"2026-01-02 00:00:00","6.Friday","Shiva : Ek Pretyodha","Overall","Overall","Overall","Overall",0.22376000000000001,
"2026-01-02 00:00:00","6.Friday","Yakshini | यक्षिणी","Overall","Overall","Overall","Overall",40.12641999999999,
"2026-01-01 00:00:00","5.Thursday","Commander Vikram Chauhan । कमांडर विक्रम चौहान","Overall","Overall","Overall","Overall",49.30418000000002,
"2026-01-01 00:00:00","5.Thursday","Detective Vikrant","Overall","Overall","Overall","Overall",9.581240000000001,
"2026-01-01 00:00:00","5.Thursday","Secret Fauji | सीक्रेट फौजी","Overall","Overall","Overall","Overall",316.3159000000003,
"2026-01-01 00:00:00","5.Thursday","Shiva : Ek Pretyodha","Overall","Overall","Overall","Overall",0.02652,
"2026-01-01 00:00:00","5.Thursday","Yakshini | यक्षिणी","Overall","Overall","Overall","Overall",30.51693999999999,
